symbol,variant,time_ms,outcome,net_return,volume_acceleration,trade_acceleration,buy_share,quote5
MAGICUSDT,VOLUME,1791249359999,TIMEOUT,0.021823,2.9545,2.5349,0.1736,4663.66
MAGICUSDT,VOLUME,1791251279999,TIMEOUT,0.007226,3.3502,1.7445,0.7098,5935.84
MAGICUSDT,VOLUME,1791253199999,TIMEOUT,-0.008741,2.7318,1.3902,0.2872,17645.85
MAGICUSDT,VOLUME,1791257099999,TIMEOUT,0.000874,5.4323,4.5279,0.2904,45075.31
MAGICUSDT,VOLUME,1791258359999,TIMEOUT,0.009146,3.6170,2.6144,0.6224,42097.01
MAGICUSDT,VOLUME,1791259499999,TIMEOUT,0.004163,2.8959,2.1690,0.9998,28929.65
MAGICUSDT,VOLUME,1791273239999,TIMEOUT,-0.010465,5.0162,1.1954,0.9397,10643.51
MAGICUSDT,VOLUME,1791274499999,TIMEOUT,-0.012095,7.2672,0.8007,0.0000,16903.99
MAGICUSDT,VOLUME,1791276539999,TIMEOUT,0.005747,11.1377,3.9958,0.0876,29691.82
MAGICUSDT,VOLUME,1791278879999,TIMEOUT,0.018929,3.3544,1.0781,0.0944,12262.23
MAGICUSDT,VOLUME,1791287519999,TIMEOUT,0.010341,2.8541,1.3299,0.7539,4507.63
MAGICUSDT,VOLUME,1791288419999,TIMEOUT,0.003880,5.8481,3.4677,0.5670,11352.57
MAGICUSDT,VOLUME,1791289319999,TIMEOUT,-0.010204,43.1040,15.9153,0.5437,138238.56
MAGICUSDT,VOLUME,1791290399999,TIMEOUT,-0.003999,2.6960,2.6667,0.3971,24953.56
MAGICUSDT,VOLUME,1791295439999,TARGET,0.047000,2.5137,3.6162,0.4531,26459.63
MAGICUSDT,VOLUME,1791296579999,TIMEOUT,-0.002501,6.9721,6.8279,0.6496,110225.79
MAGICUSDT,VOLUME,1791318119999,TIMEOUT,0.003401,3.5736,3.2025,0.4506,14340.09
MAGICUSDT,VOLUME,1791320939999,TARGET,0.047000,2.5510,1.1484,0.8524,9450.49
MAGICUSDT,VOLUME,1791321899999,TARGET,0.047000,2.8773,1.4908,0.3698,11497.82
MAGICUSDT,VOLUME,1791323339999,TIMEOUT,0.021763,4.1560,2.6824,0.7125,38746.62
MAGICUSDT,VOLUME,1791324239999,STOP,-0.023000,10.4750,13.3426,0.5608,213972.80
MAGICUSDT,VOLUME,1791329399999,TIMEOUT,-0.005377,2.5021,1.7781,0.7138,142041.52
MAGICUSDT,VOLUME,1791332279999,STOP,-0.023000,2.6084,2.1563,0.4938,104733.96
MAGICUSDT,VOLUME,1791335939999,STOP,-0.023000,3.1229,2.9426,0.4810,114048.56
MAGICUSDT,VOLUME,1791338519999,STOP,-0.023000,4.0929,5.0287,0.4449,136803.08
MAGICUSDT,VOLUME,1791343919999,TIMEOUT,-0.002553,2.8113,2.8161,0.4688,68107.16
MAGICUSDT,VOLUME,1791349439999,STOP,-0.023000,2.5515,2.8260,0.6984,32692.72
MAGICUSDT,VOLUME,1791350339999,STOP,-0.023000,2.5032,1.5418,0.5217,32760.46
MAGICUSDT,VOLUME,1791351419999,STOP,-0.023000,2.8387,2.1841,0.3763,37346.60
MAGICUSDT,VOLUME,1791356819999,TIMEOUT,0.002046,2.7486,1.9246,0.4929,45340.28
MAGICUSDT,VOLUME,1791363539999,STOP,-0.023000,2.6511,1.9641,0.5907,24913.51
MAGICUSDT,VOLUME,1791364439999,STOP,-0.023000,2.5905,3.7313,0.4911,47262.72
MAGICUSDT,VOLUME,1791378299999,STOP,-0.023000,4.0825,1.9940,0.2612,25746.92
MAGICUSDT,VOLUME,1791380939999,TIMEOUT,0.002235,4.2871,1.8190,0.5712,34443.95
MAGICUSDT,VOLUME,1791388499999,TIMEOUT,-0.008582,3.1666,5.3054,0.3935,13468.31
MAGICUSDT,VOLUME,1791394799999,TIMEOUT,-0.010204,2.9648,2.0727,0.3535,11227.53
MAGICUSDT,VOLUME,1791398219999,TIMEOUT,-0.003999,6.9648,3.8873,0.2776,18270.94
MAGICUSDT,VOLUME,1791406259999,TIMEOUT,-0.005541,2.9364,3.6000,0.1993,6738.56
MAGICUSDT,VOLUME,1791410339999,TIMEOUT,0.002177,2.8017,0.4884,0.9985,5921.92
MAGICUSDT,VOLUME,1791412439999,TIMEOUT,0.000619,2.5696,3.0048,0.1424,7137.49
MAGICUSDT,VOLUME,1791413819999,TIMEOUT,0.000612,2.6464,4.6891,0.3093,6507.44
MAGICUSDT,VOLUME,1791423299999,TIMEOUT,-0.000930,4.3243,4.9394,0.1300,9682.29
MAGICUSDT,VOLUME,1791424919999,TIMEOUT,-0.000901,2.9389,1.3033,0.5459,6406.61
MAGICUSDT,VOLUME,1791425999999,TIMEOUT,-0.005548,2.5231,1.3292,0.0091,5499.25
MAGICUSDT,VOLUME,1791433259999,TIMEOUT,0.014939,17.1427,13.6486,0.4601,40746.48
MAGICUSDT,VOLUME,1791438059999,TIMEOUT,0.000633,3.1061,1.1294,0.9215,13252.05
MAGICUSDT,VOLUME,1791445679999,TIMEOUT,-0.000892,2.8225,3.5375,0.6631,6892.46
MAGICUSDT,VOLUME,1791448559999,TIMEOUT,0.002206,2.5203,3.0078,0.1317,5271.84
MAGICUSDT,VOLUME,1791451859999,TIMEOUT,0.002168,4.2498,2.4089,0.4987,6769.81
MAGICUSDT,VOLUME,1791455279999,TIMEOUT,-0.014724,4.0841,1.0751,0.2388,7924.37
MAGICUSDT,VOLUME,1791456299999,TIMEOUT,-0.003999,3.2874,1.3420,0.1639,7247.59
MAGICUSDT,VOLUME,1791457379999,TIMEOUT,-0.010194,3.0259,1.2203,0.4726,7704.11
MAGICUSDT,VOLUME,1791459359999,TIMEOUT,-0.005545,2.6486,1.8829,0.6308,6691.87
MAGICUSDT,VOLUME,1791463619999,TIMEOUT,-0.000901,2.6668,2.3342,0.6880,5901.29
MAGICUSDT,VOLUME,1791466619999,TIMEOUT,0.005251,2.6745,0.7459,0.1899,7492.20
MAGICUSDT,VOLUME,1791472619999,STOP,-0.023000,2.7330,1.4396,0.4974,5570.13
MAGICUSDT,VOLUME,1791473519999,STOP,-0.023000,2.5794,1.4581,0.4667,17313.12
MAGICUSDT,VOLUME,1791475799999,STOP,-0.023000,2.7929,2.7174,0.3110,27856.40
MAGICUSDT,VOLUME,1791478019999,TIMEOUT,0.004123,3.1371,2.6318,0.1705,40061.55
MAGICUSDT,VOLUME,1791486299999,TIMEOUT,0.002324,2.5662,1.3240,0.9340,9428.46
MAGICUSDT,VOLUME,1791487199999,STOP,-0.023000,7.3465,3.2692,0.5682,31124.39
MAGICUSDT,VOLUME,1791490079999,TIMEOUT,0.029039,2.9600,1.3327,0.5218,17306.90
MAGICUSDT,VOLUME,1791495779999,TIMEOUT,-0.003999,4.3759,2.0648,0.7760,22584.76
MAGICUSDT,VOLUME,1791503279999,TIMEOUT,-0.009990,2.9531,2.2035,0.4503,7401.07
MAGICUSDT,VOLUME,1791504779999,TIMEOUT,0.017160,3.7156,1.9631,0.2417,10333.67
MAGICUSDT,VOLUME,1791508139999,TIMEOUT,-0.001017,2.8362,2.4460,0.6192,8139.45
MAGICUSDT,VOLUME,1791510779999,TIMEOUT,-0.015787,2.5434,1.7002,0.6406,8884.73
MAGICUSDT,VOLUME,1791517319999,TIMEOUT,-0.008472,3.9471,2.4837,0.2459,10225.58
MAGICUSDT,VOLUME,1791518219999,TIMEOUT,0.002001,2.9358,3.2226,0.5372,7850.73
MAGICUSDT,VOLUME,1791521339999,TIMEOUT,-0.014421,2.6732,3.1220,0.6063,6877.58
MAGICUSDT,VOLUME,1791525539999,TARGET,0.047000,2.5356,1.7164,0.8479,4635.84
MAGICUSDT,VOLUME,1791527759999,TARGET,0.047000,7.4078,4.0532,0.3047,22217.58
MAGICUSDT,VOLUME,1791528659999,TARGET,0.047000,8.2048,12.0261,0.5337,174107.24
MAGICUSDT,VOLUME,1791529559999,STOP,-0.023000,4.0866,2.9847,0.4805,214720.26
MAGICUSDT,VOLUME,1791530459999,TARGET,0.047000,2.6739,1.4217,0.5291,205538.03
MAGICUSDT,VOLUME,1791547019999,STOP,-0.023000,3.0345,2.7048,0.5495,144204.58
MAGICUSDT,VOLUME,1791554759999,TARGET,0.047000,2.7671,1.7231,0.6582,71892.08
MAGICUSDT,VOLUME,1791555659999,TARGET,0.047000,3.7964,7.1508,0.3727,103314.42
MAGICUSDT,VOLUME,1791556559999,TARGET,0.047000,6.0005,4.2953,0.5099,197104.06
MAGICUSDT,VOLUME,1791557459999,STOP,-0.023000,9.1902,7.2741,0.5296,596963.19
MAGICUSDT,VOLUME,1791559139999,STOP,-0.023000,2.6817,2.2054,0.5427,324634.79
MAGICUSDT,VOLUME,1791561719999,TARGET,0.047000,3.9326,3.0663,0.5091,667973.99
MAGICUSDT,VOLUME,1791565199999,STOP,-0.023000,2.5377,2.8291,0.5446,681004.95
MAGICUSDT,VOLUME,1791569639999,STOP,-0.023000,2.5209,1.7977,0.5403,785231.69
MAGICUSDT,VOLUME_FLOW,1791251279999,TIMEOUT,0.007226,3.3502,1.7445,0.7098,5935.84
MAGICUSDT,VOLUME_FLOW,1791257699999,TIMEOUT,0.005811,2.5342,3.6967,0.5724,26067.92
MAGICUSDT,VOLUME_FLOW,1791258599999,TIMEOUT,0.015751,3.2170,2.4038,0.5860,39068.84
MAGICUSDT,VOLUME_FLOW,1791259499999,TIMEOUT,0.004163,2.8959,2.1690,0.9998,28929.65
MAGICUSDT,VOLUME_FLOW,1791273239999,TIMEOUT,-0.010465,5.0162,1.1954,0.9397,10643.51
MAGICUSDT,VOLUME_FLOW,1791279239999,TIMEOUT,0.002446,5.9281,5.6376,0.8361,24148.61
MAGICUSDT,VOLUME_FLOW,1791287519999,TIMEOUT,0.010341,2.8541,1.3299,0.7539,4507.63
MAGICUSDT,VOLUME_FLOW,1791288419999,TIMEOUT,0.003880,5.8481,3.4677,0.5670,11352.57
MAGICUSDT,VOLUME_FLOW,1791296579999,TIMEOUT,-0.002501,6.9721,6.8279,0.6496,110225.79
MAGICUSDT,VOLUME_FLOW,1791320939999,TARGET,0.047000,2.5510,1.1484,0.8524,9450.49
MAGICUSDT,VOLUME_FLOW,1791322079999,TARGET,0.047000,5.6088,3.2399,0.6480,23298.46
MAGICUSDT,VOLUME_FLOW,1791323339999,TIMEOUT,0.021763,4.1560,2.6824,0.7125,38746.62
MAGICUSDT,VOLUME_FLOW,1791324239999,STOP,-0.023000,10.4750,13.3426,0.5608,213972.80
MAGICUSDT,VOLUME_FLOW,1791329399999,TIMEOUT,-0.005377,2.5021,1.7781,0.7138,142041.52
MAGICUSDT,VOLUME_FLOW,1791349439999,STOP,-0.023000,2.5515,2.8260,0.6984,32692.72
MAGICUSDT,VOLUME_FLOW,1791350399999,STOP,-0.023000,2.9141,1.7074,0.5525,38057.88
MAGICUSDT,VOLUME_FLOW,1791356879999,TIMEOUT,-0.000990,3.1841,1.9476,0.5519,50703.83
MAGICUSDT,VOLUME_FLOW,1791363539999,STOP,-0.023000,2.6511,1.9641,0.5907,24913.51
MAGICUSDT,VOLUME_FLOW,1791380939999,TIMEOUT,0.002235,4.2871,1.8190,0.5712,34443.95
MAGICUSDT,VOLUME_FLOW,1791398699999,TIMEOUT,-0.003999,3.5148,2.0078,0.6094,12373.18
MAGICUSDT,VOLUME_FLOW,1791410339999,TIMEOUT,0.002177,2.8017,0.4884,0.9985,5921.92
MAGICUSDT,VOLUME_FLOW,1791424979999,TIMEOUT,-0.002453,3.5316,1.4920,0.5788,7293.51
MAGICUSDT,VOLUME_FLOW,1791438059999,TIMEOUT,0.000633,3.1061,1.1294,0.9215,13252.05
MAGICUSDT,VOLUME_FLOW,1791445679999,TIMEOUT,-0.000892,2.8225,3.5375,0.6631,6892.46
MAGICUSDT,VOLUME_FLOW,1791452399999,TIMEOUT,-0.000930,2.5062,1.6028,0.9479,4371.14
MAGICUSDT,VOLUME_FLOW,1791459359999,TIMEOUT,-0.005545,2.6486,1.8829,0.6308,6691.87
MAGICUSDT,VOLUME_FLOW,1791463619999,TIMEOUT,-0.000901,2.6668,2.3342,0.6880,5901.29
MAGICUSDT,VOLUME_FLOW,1791486299999,TIMEOUT,0.002324,2.5662,1.3240,0.9340,9428.46
MAGICUSDT,VOLUME_FLOW,1791487199999,STOP,-0.023000,7.3465,3.2692,0.5682,31124.39
MAGICUSDT,VOLUME_FLOW,1791495779999,TIMEOUT,-0.003999,4.3759,2.0648,0.7760,22584.76
MAGICUSDT,VOLUME_FLOW,1791508139999,TIMEOUT,-0.001017,2.8362,2.4460,0.6192,8139.45
MAGICUSDT,VOLUME_FLOW,1791510779999,TIMEOUT,-0.015787,2.5434,1.7002,0.6406,8884.73
MAGICUSDT,VOLUME_FLOW,1791521339999,TIMEOUT,-0.014421,2.6732,3.1220,0.6063,6877.58
MAGICUSDT,VOLUME_FLOW,1791525539999,TARGET,0.047000,2.5356,1.7164,0.8479,4635.84
MAGICUSDT,VOLUME_FLOW,1791528599999,TARGET,0.047000,7.2666,12.2105,0.5583,147583.81
MAGICUSDT,VOLUME_FLOW,1791554759999,TARGET,0.047000,2.7671,1.7231,0.6582,71892.08
MAGICUSDT,VOLUME_FLOW,1791556379999,TARGET,0.047000,4.5330,3.3244,0.5604,146301.05
MAGICUSDT,VOLUME_FLOW,1791562259999,STOP,-0.023000,2.9289,1.9943,0.5693,617722.45
MAGICUSDT,VOLUME_TRADES,1791249359999,TIMEOUT,0.021823,2.9545,2.5349,0.1736,4663.66
MAGICUSDT,VOLUME_TRADES,1791251399999,STOP,-0.023000,27.3395,8.9098,0.6228,48449.92
MAGICUSDT,VOLUME_TRADES,1791253619999,STOP,-0.023000,4.2461,2.3610,0.2588,30609.43
MAGICUSDT,VOLUME_TRADES,1791257099999,TIMEOUT,0.000874,5.4323,4.5279,0.2904,45075.31
MAGICUSDT,VOLUME_TRADES,1791258359999,TIMEOUT,0.009146,3.6170,2.6144,0.6224,42097.01
MAGICUSDT,VOLUME_TRADES,1791259499999,TIMEOUT,0.004163,2.8959,2.1690,0.9998,28929.65
MAGICUSDT,VOLUME_TRADES,1791273359999,TIMEOUT,-0.010465,5.6494,2.1904,0.9322,11578.64
MAGICUSDT,VOLUME_TRADES,1791276539999,TIMEOUT,0.005747,11.1377,3.9958,0.0876,29691.82
MAGICUSDT,VOLUME_TRADES,1791278999999,TIMEOUT,0.018929,3.6891,2.2597,0.1450,13416.97
MAGICUSDT,VOLUME_TRADES,1791288239999,TIMEOUT,0.011909,3.4542,1.9546,0.6295,6072.38
MAGICUSDT,VOLUME_TRADES,1791289139999,TIMEOUT,-0.016371,44.7209,14.6087,0.5487,133092.00
MAGICUSDT,VOLUME_TRADES,1791290399999,TIMEOUT,-0.003999,2.6960,2.6667,0.3971,24953.56
MAGICUSDT,VOLUME_TRADES,1791295439999,TARGET,0.047000,2.5137,3.6162,0.4531,26459.63
MAGICUSDT,VOLUME_TRADES,1791296579999,TIMEOUT,-0.002501,6.9721,6.8279,0.6496,110225.79
MAGICUSDT,VOLUME_TRADES,1791318119999,TIMEOUT,0.003401,3.5736,3.2025,0.4506,14340.09
MAGICUSDT,VOLUME_TRADES,1791322019999,TARGET,0.047000,3.3439,1.9672,0.5337,13906.82
MAGICUSDT,VOLUME_TRADES,1791323339999,TIMEOUT,0.021763,4.1560,2.6824,0.7125,38746.62
MAGICUSDT,VOLUME_TRADES,1791324239999,STOP,-0.023000,10.4750,13.3426,0.5608,213972.80
MAGICUSDT,VOLUME_TRADES,1791332279999,STOP,-0.023000,2.6084,2.1563,0.4938,104733.96
MAGICUSDT,VOLUME_TRADES,1791335939999,STOP,-0.023000,3.1229,2.9426,0.4810,114048.56
MAGICUSDT,VOLUME_TRADES,1791338519999,STOP,-0.023000,4.0929,5.0287,0.4449,136803.08
MAGICUSDT,VOLUME_TRADES,1791343919999,TIMEOUT,-0.002553,2.8113,2.8161,0.4688,68107.16
MAGICUSDT,VOLUME_TRADES,1791349439999,STOP,-0.023000,2.5515,2.8260,0.6984,32692.72
MAGICUSDT,VOLUME_TRADES,1791351419999,STOP,-0.023000,2.8387,2.1841,0.3763,37346.60
MAGICUSDT,VOLUME_TRADES,1791356819999,TIMEOUT,0.002046,2.7486,1.9246,0.4929,45340.28
MAGICUSDT,VOLUME_TRADES,1791363539999,STOP,-0.023000,2.6511,1.9641,0.5907,24913.51
MAGICUSDT,VOLUME_TRADES,1791364439999,STOP,-0.023000,2.5905,3.7313,0.4911,47262.72
MAGICUSDT,VOLUME_TRADES,1791378299999,STOP,-0.023000,4.0825,1.9940,0.2612,25746.92
MAGICUSDT,VOLUME_TRADES,1791380939999,TIMEOUT,0.002235,4.2871,1.8190,0.5712,34443.95
MAGICUSDT,VOLUME_TRADES,1791388499999,TIMEOUT,-0.008582,3.1666,5.3054,0.3935,13468.31
MAGICUSDT,VOLUME_TRADES,1791394799999,TIMEOUT,-0.010204,2.9648,2.0727,0.3535,11227.53
MAGICUSDT,VOLUME_TRADES,1791398219999,TIMEOUT,-0.003999,6.9648,3.8873,0.2776,18270.94
MAGICUSDT,VOLUME_TRADES,1791406259999,TIMEOUT,-0.005541,2.9364,3.6000,0.1993,6738.56
MAGICUSDT,VOLUME_TRADES,1791410579999,TIMEOUT,0.003733,4.1501,2.0411,0.7817,8659.19
MAGICUSDT,VOLUME_TRADES,1791412439999,TIMEOUT,0.000619,2.5696,3.0048,0.1424,7137.49
MAGICUSDT,VOLUME_TRADES,1791413819999,TIMEOUT,0.000612,2.6464,4.6891,0.3093,6507.44
MAGICUSDT,VOLUME_TRADES,1791423299999,TIMEOUT,-0.000930,4.3243,4.9394,0.1300,9682.29
MAGICUSDT,VOLUME_TRADES,1791425099999,TIMEOUT,-0.005541,3.6107,1.8026,0.5845,7379.90
MAGICUSDT,VOLUME_TRADES,1791433259999,TIMEOUT,0.014939,17.1427,13.6486,0.4601,40746.48
MAGICUSDT,VOLUME_TRADES,1791445679999,TIMEOUT,-0.000892,2.8225,3.5375,0.6631,6892.46
MAGICUSDT,VOLUME_TRADES,1791448559999,TIMEOUT,0.002206,2.5203,3.0078,0.1317,5271.84
MAGICUSDT,VOLUME_TRADES,1791451859999,TIMEOUT,0.002168,4.2498,2.4089,0.4987,6769.81
MAGICUSDT,VOLUME_TRADES,1791457619999,TIMEOUT,-0.002440,3.4952,1.8484,0.4055,8893.99
MAGICUSDT,VOLUME_TRADES,1791459359999,TIMEOUT,-0.005545,2.6486,1.8829,0.6308,6691.87
MAGICUSDT,VOLUME_TRADES,1791463619999,TIMEOUT,-0.000901,2.6668,2.3342,0.6880,5901.29
MAGICUSDT,VOLUME_TRADES,1791472739999,STOP,-0.023000,2.7337,2.1025,0.3637,5713.21
MAGICUSDT,VOLUME_TRADES,1791473759999,STOP,-0.023000,4.7926,3.6610,0.3961,33603.32
MAGICUSDT,VOLUME_TRADES,1791475799999,STOP,-0.023000,2.7929,2.7174,0.3110,27856.40
MAGICUSDT,VOLUME_TRADES,1791478019999,TIMEOUT,0.004123,3.1371,2.6318,0.1705,40061.55
MAGICUSDT,VOLUME_TRADES,1791486599999,TIMEOUT,-0.005570,3.9013,1.9168,0.4867,14959.66
MAGICUSDT,VOLUME_TRADES,1791495779999,TIMEOUT,-0.003999,4.3759,2.0648,0.7760,22584.76
MAGICUSDT,VOLUME_TRADES,1791503279999,TIMEOUT,-0.009990,2.9531,2.2035,0.4503,7401.07
MAGICUSDT,VOLUME_TRADES,1791504779999,TIMEOUT,0.017160,3.7156,1.9631,0.2417,10333.67
MAGICUSDT,VOLUME_TRADES,1791508139999,TIMEOUT,-0.001017,2.8362,2.4460,0.6192,8139.45
MAGICUSDT,VOLUME_TRADES,1791517319999,TIMEOUT,-0.008472,3.9471,2.4837,0.2459,10225.58
MAGICUSDT,VOLUME_TRADES,1791518219999,TIMEOUT,0.002001,2.9358,3.2226,0.5372,7850.73
MAGICUSDT,VOLUME_TRADES,1791521339999,TIMEOUT,-0.014421,2.6732,3.1220,0.6063,6877.58
MAGICUSDT,VOLUME_TRADES,1791525659999,TARGET,0.047000,2.7059,2.0974,0.8014,4876.09
MAGICUSDT,VOLUME_TRADES,1791527759999,TARGET,0.047000,7.4078,4.0532,0.3047,22217.58
MAGICUSDT,VOLUME_TRADES,1791528659999,TARGET,0.047000,8.2048,12.0261,0.5337,174107.24
MAGICUSDT,VOLUME_TRADES,1791529559999,STOP,-0.023000,4.0866,2.9847,0.4805,214720.26
MAGICUSDT,VOLUME_TRADES,1791530879999,STOP,-0.023000,3.2290,2.2894,0.5391,277480.34
MAGICUSDT,VOLUME_TRADES,1791547019999,STOP,-0.023000,3.0345,2.7048,0.5495,144204.58
MAGICUSDT,VOLUME_TRADES,1791554819999,STOP,-0.023000,3.0748,1.8167,0.6719,76188.33
MAGICUSDT,VOLUME_TRADES,1791555719999,TARGET,0.047000,3.4229,7.0997,0.3633,95317.04
MAGICUSDT,VOLUME_TRADES,1791556619999,TARGET,0.047000,5.4230,4.1706,0.5078,185648.08
MAGICUSDT,VOLUME_TRADES,1791557519999,STOP,-0.023000,8.9768,7.2705,0.5317,595710.73
MAGICUSDT,VOLUME_TRADES,1791559139999,STOP,-0.023000,2.6817,2.2054,0.5427,324634.79
MAGICUSDT,VOLUME_TRADES,1791561719999,TARGET,0.047000,3.9326,3.0663,0.5091,667973.99
MAGICUSDT,VOLUME_TRADES,1791565199999,STOP,-0.023000,2.5377,2.8291,0.5446,681004.95
MAGICUSDT,VOLUME_TRADES,1791569699999,STOP,-0.023000,3.0063,2.1454,0.5103,929446.71
MAGICUSDT,BREAKOUT,1791245159999,TIMEOUT,-0.000776,0.1210,0.3781,0.7777,697.53
MAGICUSDT,BREAKOUT,1791249719999,TIMEOUT,0.008788,1.6969,3.3035,0.9514,2851.48
MAGICUSDT,BREAKOUT,1791251639999,STOP,-0.023000,42.8944,13.2150,0.6082,84111.48
MAGICUSDT,BREAKOUT,1791259679999,TIMEOUT,0.000882,2.9191,2.1152,0.9831,28770.01
MAGICUSDT,BREAKOUT,1791260579999,TIMEOUT,-0.005616,0.0988,0.1505,0.6589,1038.87
MAGICUSDT,BREAKOUT,1791262199999,TIMEOUT,-0.020138,0.1416,0.3125,0.6705,1221.52
MAGICUSDT,BREAKOUT,1791267419999,TIMEOUT,-0.002372,1.0792,1.4574,0.7674,4752.82
MAGICUSDT,BREAKOUT,1791269639999,TIMEOUT,0.000874,0.4122,0.6107,0.5945,1874.05
MAGICUSDT,BREAKOUT,1791272459999,TIMEOUT,-0.002380,0.3038,0.4859,0.9118,839.52
MAGICUSDT,BREAKOUT,1791273839999,TIMEOUT,-0.013682,0.8912,0.7896,0.7890,2172.92
MAGICUSDT,BREAKOUT,1791279299999,TIMEOUT,-0.002395,7.0923,6.9859,0.8259,29130.09
MAGICUSDT,BREAKOUT,1791281759999,TIMEOUT,0.002415,0.1290,0.9103,0.7079,695.91
MAGICUSDT,BREAKOUT,1791283619999,TIMEOUT,0.000796,0.1383,0.3943,0.9681,668.52
MAGICUSDT,BREAKOUT,1791288239999,TIMEOUT,0.011909,3.4542,1.9546,0.6295,6072.38
MAGICUSDT,BREAKOUT,1791293159999,TARGET,0.047000,0.9117,0.7303,0.6517,9270.56
MAGICUSDT,BREAKOUT,1791295439999,TARGET,0.047000,2.5137,3.6162,0.4531,26459.63
MAGICUSDT,BREAKOUT,1791296579999,TIMEOUT,-0.002501,6.9721,6.8279,0.6496,110225.79
MAGICUSDT,BREAKOUT,1791300959999,TIMEOUT,0.000441,0.4197,0.8715,0.7978,15824.85
MAGICUSDT,BREAKOUT,1791308039999,STOP,-0.023154,0.7643,1.2898,0.5869,7248.95
MAGICUSDT,BREAKOUT,1791313319999,TIMEOUT,-0.008492,0.6577,0.7024,0.6637,4442.56
MAGICUSDT,BREAKOUT,1791315179999,TIMEOUT,0.006485,0.7812,0.4868,0.2210,4418.26
MAGICUSDT,BREAKOUT,1791317099999,TIMEOUT,0.001983,0.9044,0.8993,0.7156,3914.78
MAGICUSDT,BREAKOUT,1791321659999,TARGET,0.047000,2.0264,1.0636,0.4963,8286.06
MAGICUSDT,BREAKOUT,1791323219999,TIMEOUT,0.010272,1.5819,1.3864,0.7074,14710.39
MAGICUSDT,BREAKOUT,1791334919999,STOP,-0.023000,0.2948,0.2546,0.9137,10678.95
MAGICUSDT,BREAKOUT,1791335819999,STOP,-0.023000,1.8356,1.9697,0.5203,67906.54
MAGICUSDT,BREAKOUT,1791342719999,STOP,-0.023000,0.2774,0.2920,0.7628,8897.17
MAGICUSDT,BREAKOUT,1791346379999,TIMEOUT,0.007500,1.3632,0.8800,0.3904,21436.00
MAGICUSDT,BREAKOUT,1791349319999,STOP,-0.023000,0.7768,0.7500,0.6888,10165.84
MAGICUSDT,BREAKOUT,1791354779999,STOP,-0.023000,0.7336,0.8532,0.4265,12448.69
MAGICUSDT,BREAKOUT,1791358499999,TIMEOUT,-0.009954,0.6530,0.7254,0.5340,10016.62
MAGICUSDT,BREAKOUT,1791361919999,TIMEOUT,0.012378,0.5068,0.7176,0.7335,4960.75
MAGICUSDT,BREAKOUT,1791363479999,STOP,-0.023000,1.7312,1.4370,0.7011,16311.25
MAGICUSDT,BREAKOUT,1791368939999,STOP,-0.023000,0.3283,0.4446,0.7441,10213.53
MAGICUSDT,BREAKOUT,1791372179999,TIMEOUT,-0.005541,0.0793,0.2207,0.6252,1469.22
MAGICUSDT,BREAKOUT,1791375299999,TIMEOUT,-0.010147,0.4138,0.4352,0.8170,3807.75
MAGICUSDT,BREAKOUT,1791377219999,STOP,-0.023000,1.7837,3.0989,0.5759,12525.36
MAGICUSDT,BREAKOUT,1791383579999,TIMEOUT,-0.000911,0.1679,0.2207,0.4455,1257.53
MAGICUSDT,BREAKOUT,1791386699999,TIMEOUT,0.002139,1.2473,1.2030,0.4698,7035.16
MAGICUSDT,BREAKOUT,1791387599999,TIMEOUT,-0.007059,0.6320,0.5044,0.9683,3546.97
MAGICUSDT,BREAKOUT,1791393779999,STOP,-0.023827,1.4264,0.7287,0.9261,6099.90
MAGICUSDT,BREAKOUT,1791396299999,TIMEOUT,-0.020879,0.4945,0.5610,0.5434,1658.78
MAGICUSDT,BREAKOUT,1791404999999,TIMEOUT,-0.002453,0.4763,0.6829,0.3463,1635.04
MAGICUSDT,BREAKOUT,1791406199999,TIMEOUT,-0.008617,0.8524,1.1455,0.6446,1985.30
MAGICUSDT,BREAKOUT,1791411779999,TIMEOUT,-0.000920,1.3829,0.9567,0.5430,3526.20
MAGICUSDT,BREAKOUT,1791417479999,TIMEOUT,-0.000944,2.0342,1.4225,0.7912,6193.41
MAGICUSDT,BREAKOUT,1791419939999,TIMEOUT,-0.011613,1.1921,1.0945,0.8674,3066.53
MAGICUSDT,BREAKOUT,1791421499999,STOP,-0.023706,0.9145,2.8556,0.1797,2192.28
MAGICUSDT,BREAKOUT,1791426779999,TIMEOUT,-0.014724,0.1812,0.1881,0.9801,444.20
MAGICUSDT,BREAKOUT,1791436379999,TIMEOUT,0.002225,0.6386,1.9267,0.2302,2394.52
MAGICUSDT,BREAKOUT,1791438059999,TIMEOUT,0.000633,3.1061,1.1294,0.9215,13252.05
MAGICUSDT,BREAKOUT,1791441419999,TIMEOUT,-0.016294,1.1534,1.5263,0.5757,3392.10
MAGICUSDT,BREAKOUT,1791446759999,TIMEOUT,0.003757,0.7301,0.3675,0.9552,1676.25
MAGICUSDT,BREAKOUT,1791450299999,TIMEOUT,-0.000920,1.0055,1.6508,0.6443,1828.59
MAGICUSDT,BREAKOUT,1791452339999,TIMEOUT,-0.003999,2.4717,1.4763,0.9524,4310.84
MAGICUSDT,BREAKOUT,1791454919999,STOP,-0.023796,1.7340,0.9478,0.5722,3113.66
MAGICUSDT,BREAKOUT,1791459239999,TIMEOUT,-0.007087,1.7530,1.0397,0.7848,4642.06
MAGICUSDT,BREAKOUT,1791462239999,TIMEOUT,0.006826,1.1719,2.7955,0.6650,3213.21
MAGICUSDT,BREAKOUT,1791464879999,TIMEOUT,-0.002462,1.7166,1.9898,0.7279,4427.76
MAGICUSDT,BREAKOUT,1791468779999,TIMEOUT,-0.003999,0.8034,1.6000,0.7394,2146.57
MAGICUSDT,BREAKOUT,1791470099999,STOP,-0.023000,0.5807,0.8230,0.7243,1504.94
MAGICUSDT,BREAKOUT,1791480899999,TIMEOUT,0.010573,0.3202,0.4783,0.9689,3957.49
MAGICUSDT,BREAKOUT,1791482579999,TIMEOUT,0.010456,0.2272,0.3777,0.6295,2204.27
MAGICUSDT,BREAKOUT,1791483659999,TIMEOUT,0.029460,0.6125,0.6990,0.7988,4980.51
MAGICUSDT,BREAKOUT,1791484919999,TIMEOUT,0.016681,0.1419,0.1882,0.8493,1056.80
MAGICUSDT,BREAKOUT,1791486179999,TIMEOUT,0.007083,2.2418,1.0788,0.9993,8349.49
MAGICUSDT,BREAKOUT,1791491999999,TIMEOUT,0.022537,0.0697,0.1075,0.1520,414.39
MAGICUSDT,BREAKOUT,1791492899999,TIMEOUT,0.016012,0.4184,0.5514,0.8250,2601.82
MAGICUSDT,BREAKOUT,1791493799999,TIMEOUT,-0.000967,1.1394,1.5827,0.5617,7468.13
MAGICUSDT,BREAKOUT,1791499139999,TIMEOUT,0.003546,0.4796,0.4426,0.4169,2223.05
MAGICUSDT,BREAKOUT,1791500039999,TIMEOUT,-0.002497,0.9014,0.7139,0.7368,4348.66
MAGICUSDT,BREAKOUT,1791500999999,TIMEOUT,-0.014452,0.7023,0.7145,0.6719,3140.36
MAGICUSDT,BREAKOUT,1791507299999,TIMEOUT,0.017064,0.3892,0.8607,0.9930,1178.81
MAGICUSDT,BREAKOUT,1791508199999,TIMEOUT,-0.003999,3.0542,3.0386,0.7147,8884.37
MAGICUSDT,BREAKOUT,1791509099999,TIMEOUT,-0.006950,2.0828,1.3264,0.6850,7086.35
MAGICUSDT,BREAKOUT,1791510179999,TIMEOUT,-0.011366,0.3443,0.4586,0.9679,1280.29
MAGICUSDT,BREAKOUT,1791515339999,TIMEOUT,-0.020255,1.3296,1.2012,0.2343,4454.43
MAGICUSDT,BREAKOUT,1791521159999,TIMEOUT,-0.020303,1.2795,1.8124,0.8480,3309.20
MAGICUSDT,BREAKOUT,1791525959999,TARGET,0.047000,5.6561,5.9709,0.8320,10715.35
MAGICUSDT,BREAKOUT,1791527039999,TARGET,0.047000,1.2281,1.0124,0.8090,3528.50
MAGICUSDT,BREAKOUT,1791527999999,TARGET,0.047000,24.0181,12.8629,0.3928,75906.05
MAGICUSDT,BREAKOUT,1791529079999,STOP,-0.023000,6.6352,7.1461,0.5837,241908.50
MAGICUSDT,BREAKOUT,1791537539999,STOP,-0.023000,1.3609,1.3292,0.5923,141685.85
MAGICUSDT,BREAKOUT,1791541439999,STOP,-0.023000,0.8450,0.7935,0.6883,52706.06
MAGICUSDT,BREAKOUT,1791546899999,STOP,-0.023000,1.1130,0.7687,0.6939,55389.47
MAGICUSDT,BREAKOUT,1791549719999,TIMEOUT,0.008925,0.6286,0.8432,0.4397,24783.64
MAGICUSDT,BREAKOUT,1791552599999,TIMEOUT,0.007498,1.2039,1.2693,0.5657,39753.61
MAGICUSDT,BREAKOUT,1791554699999,TARGET,0.047000,2.4146,1.3305,0.6299,66426.95
MAGICUSDT,BREAKOUT,1791556259999,TARGET,0.047000,1.2600,1.0362,0.5752,40356.76
MAGICUSDT,BREAKOUT,1791557279999,TARGET,0.047000,3.2859,2.8134,0.4736,203450.69
MAGICUSDT,BREAKOUT,1791561059999,TARGET,0.047000,0.6695,0.5768,0.5475,100242.58
MAGICUSDT,BREAKOUT,1791562139999,STOP,-0.023000,2.4177,1.8805,0.5724,492423.44
MAGICUSDT,BREAKOUT,1791566519999,STOP,-0.023000,1.0895,1.1859,0.5721,331178.59
MAGICUSDT,BREAKOUT,1791567839999,TARGET,0.047000,1.1040,0.8076,0.6058,356914.41
MAGICUSDT,BREAKOUT,1791568859999,TARGET,0.047000,0.9768,0.9276,0.6429,336384.04
MAGICUSDT,FULL_WATCH,1791251699999,STOP,-0.023000,11.2892,5.1216,0.5973,42231.06
MAGICUSDT,FULL_WATCH,1791259499999,TIMEOUT,0.004163,2.8959,2.1690,0.9998,28929.65
MAGICUSDT,FULL_WATCH,1791279419999,TIMEOUT,0.002446,10.5163,8.1186,0.6156,43069.08
MAGICUSDT,FULL_WATCH,1791323339999,TIMEOUT,0.021763,4.1560,2.6824,0.7125,38746.62
MAGICUSDT,FULL_WATCH,1791349439999,STOP,-0.023000,2.5515,2.8260,0.6984,32692.72
MAGICUSDT,FULL_WATCH,1791363599999,STOP,-0.023154,3.1152,2.1954,0.6736,29414.54
MAGICUSDT,FULL_WATCH,1791487379999,STOP,-0.024041,8.0769,3.5487,0.5514,34263.78
MAGICUSDT,FULL_WATCH,1791554819999,STOP,-0.023000,3.0748,1.8167,0.6719,76188.33
MAGICUSDT,FULL_BUY,1791259679999,TIMEOUT,0.000882,2.9191,2.1152,0.9831,28770.01
MAGICUSDT,FULL_BUY,1791363599999,STOP,-0.023154,3.1152,2.1954,0.6736,29414.54
KAIAUSDT,VOLUME,1791247919999,TIMEOUT,0.005819,2.6244,1.9832,0.8087,13738.45
KAIAUSDT,VOLUME,1791249959999,TIMEOUT,-0.006436,4.0317,5.3859,0.7148,28972.18
KAIAUSDT,VOLUME,1791251639999,STOP,-0.023000,2.6497,5.4269,0.7928,25676.88
KAIAUSDT,VOLUME,1791253739999,TIMEOUT,-0.013841,4.0859,4.1609,0.5918,49856.04
KAIAUSDT,VOLUME,1791266519999,TIMEOUT,-0.013866,3.8454,0.6983,0.1590,13919.20
KAIAUSDT,VOLUME,1791268559999,TIMEOUT,-0.003999,7.9910,0.9483,0.9693,33194.78
KAIAUSDT,VOLUME,1791277379999,TIMEOUT,0.000922,2.8204,4.3559,0.9471,5922.66
KAIAUSDT,VOLUME,1791278759999,TIMEOUT,-0.003999,5.2232,4.8333,0.0556,9645.64
KAIAUSDT,VOLUME,1791279659999,TIMEOUT,-0.006460,4.1463,3.9664,0.5483,8351.80
KAIAUSDT,VOLUME,1791287519999,TIMEOUT,-0.018654,3.3473,1.9459,0.3837,6667.54
KAIAUSDT,VOLUME,1791289499999,TIMEOUT,-0.016332,3.5304,2.2673,0.2955,7893.42
KAIAUSDT,VOLUME,1791290579999,TIMEOUT,-0.011417,3.2805,2.5052,0.1236,8267.29
KAIAUSDT,VOLUME,1791291959999,TIMEOUT,-0.011454,4.5340,4.1364,0.1200,12805.09
KAIAUSDT,VOLUME,1791296699999,TIMEOUT,0.001046,4.4656,4.6695,0.1408,13831.02
KAIAUSDT,VOLUME,1791299219999,TIMEOUT,-0.019059,2.5399,2.7591,0.0855,8556.16
KAIAUSDT,VOLUME,1791300899999,TIMEOUT,-0.014065,2.9283,1.7480,0.2807,7658.80
KAIAUSDT,VOLUME,1791302099999,TIMEOUT,-0.001457,3.8335,3.1366,0.1067,10424.34
KAIAUSDT,VOLUME,1791314399999,TIMEOUT,0.003627,2.7144,1.8916,0.5911,2850.86
KAIAUSDT,VOLUME,1791315359999,TIMEOUT,0.001085,2.7852,0.7286,0.3231,2559.26
KAIAUSDT,VOLUME,1791316499999,TIMEOUT,0.001072,3.2876,4.9697,0.4090,2022.12
KAIAUSDT,VOLUME,1791317459999,TIMEOUT,0.001059,2.9340,1.2632,0.3976,2109.01
KAIAUSDT,VOLUME,1791322979999,TIMEOUT,-0.011473,4.3128,3.0787,0.5072,4409.44
KAIAUSDT,VOLUME,1791324599999,TIMEOUT,-0.011454,3.4993,3.0886,0.7941,4714.18
KAIAUSDT,VOLUME,1791325499999,TIMEOUT,-0.001489,4.8932,3.0100,0.3690,7828.17
KAIAUSDT,VOLUME,1791331139999,TIMEOUT,-0.001476,4.9646,5.7798,0.0901,9178.40
KAIAUSDT,VOLUME,1791332819999,TIMEOUT,0.008647,10.1093,1.7731,0.0000,19599.86
KAIAUSDT,VOLUME,1791335639999,STOP,-0.023000,4.7008,3.1214,0.9329,12563.73
KAIAUSDT,VOLUME,1791338339999,STOP,-0.023000,3.8793,5.3497,0.3652,13690.71
KAIAUSDT,VOLUME,1791340799999,TIMEOUT,0.006380,2.7660,2.8125,0.7833,17716.58
KAIAUSDT,VOLUME,1791346019999,TIMEOUT,-0.006567,2.5824,1.8330,0.6258,13569.35
KAIAUSDT,VOLUME,1791353339999,TIMEOUT,-0.006594,2.5560,1.9141,0.4178,7104.51
KAIAUSDT,VOLUME,1791355439999,TIMEOUT,0.001191,2.6947,2.3554,0.7672,4838.55
KAIAUSDT,VOLUME,1791357899999,TIMEOUT,-0.006601,2.8463,1.4681,0.5489,5592.40
KAIAUSDT,VOLUME,1791359039999,TIMEOUT,-0.016906,2.7457,2.6885,0.8472,6080.73
KAIAUSDT,VOLUME,1791362639999,TIMEOUT,-0.019649,2.6300,4.8339,0.2835,5013.91
KAIAUSDT,VOLUME,1791363539999,TIMEOUT,-0.011865,4.4983,2.2588,0.0781,9131.32
KAIAUSDT,VOLUME,1791364439999,TIMEOUT,-0.006635,5.0442,4.8363,0.1859,12102.43
KAIAUSDT,VOLUME,1791365519999,TIMEOUT,-0.003999,2.9447,2.5812,0.6698,7450.27
KAIAUSDT,VOLUME,1791367679999,TIMEOUT,-0.001356,4.2237,2.3647,0.3241,14880.98
KAIAUSDT,VOLUME,1791373679999,TIMEOUT,-0.003999,2.6414,2.5250,0.3193,7616.55
KAIAUSDT,VOLUME,1791374579999,TIMEOUT,-0.001335,2.5986,1.3414,0.3608,7852.82
KAIAUSDT,VOLUME,1791381059999,TIMEOUT,0.001343,2.8064,2.2788,0.3740,11736.06
KAIAUSDT,VOLUME,1791383819999,TIMEOUT,0.003951,2.6755,1.7865,0.8664,7443.92
KAIAUSDT,VOLUME,1791388499999,TIMEOUT,-0.006607,2.9540,2.4484,0.6462,6946.08
KAIAUSDT,VOLUME,1791396419999,TIMEOUT,-0.017007,2.6626,3.4233,0.4594,5290.69
KAIAUSDT,VOLUME,1791403799999,TIMEOUT,0.001231,3.4913,4.4348,0.9614,3942.11
KAIAUSDT,VOLUME,1791404999999,TIMEOUT,-0.006601,3.0310,2.0520,0.6682,2991.48
KAIAUSDT,VOLUME,1791406379999,TIMEOUT,-0.014378,6.1940,2.6873,0.8553,5656.97
KAIAUSDT,VOLUME,1791417359999,TIMEOUT,-0.001384,4.9927,0.8759,0.3809,2010.74
KAIAUSDT,VOLUME,1791418379999,TIMEOUT,-0.001397,2.6314,1.2996,0.5550,1423.47
KAIAUSDT,VOLUME,1791419459999,TIMEOUT,0.001204,2.5112,0.9231,0.4810,1679.82
KAIAUSDT,VOLUME,1791420359999,TIMEOUT,0.003867,8.0519,5.5629,0.4722,5968.81
KAIAUSDT,VOLUME,1791421619999,TIMEOUT,-0.006594,4.1888,2.3821,0.8534,4446.52
KAIAUSDT,VOLUME,1791423419999,TIMEOUT,-0.003999,2.9314,7.4074,0.5489,5268.73
KAIAUSDT,VOLUME,1791424799999,TIMEOUT,0.001218,2.7328,1.4232,0.4171,5640.56
KAIAUSDT,VOLUME,1791428039999,TIMEOUT,-0.001404,3.7679,1.9786,0.7886,7720.49
KAIAUSDT,VOLUME,1791428939999,TIMEOUT,-0.009202,2.7262,1.3748,0.5975,8062.67
KAIAUSDT,VOLUME,1791433259999,TIMEOUT,-0.001349,6.0422,4.0100,0.4878,22317.72
KAIAUSDT,VOLUME,1791436559999,TIMEOUT,-0.001349,3.2744,3.3083,0.4593,13592.48
KAIAUSDT,VOLUME,1791438479999,TIMEOUT,-0.011845,2.8004,2.4459,0.6192,11961.52
KAIAUSDT,VOLUME,1791443699999,TIMEOUT,-0.011824,3.7167,4.3898,0.4545,12575.75
KAIAUSDT,VOLUME,1791446339999,TIMEOUT,-0.001370,4.8642,5.7154,0.3149,17876.47
KAIAUSDT,VOLUME,1791447779999,TIMEOUT,0.027301,2.5064,1.0035,0.9095,11006.55
KAIAUSDT,VOLUME,1791451139999,TIMEOUT,-0.011625,5.1845,4.1919,0.7273,27183.78
KAIAUSDT,VOLUME,1791466799999,TIMEOUT,-0.001404,2.8938,0.8000,0.0071,6107.25
KAIAUSDT,VOLUME,1791469259999,STOP,-0.023000,3.6543,4.8495,0.6022,8527.21
KAIAUSDT,VOLUME,1791472379999,STOP,-0.023000,3.8236,3.0888,0.3977,11432.76
KAIAUSDT,VOLUME,1791473279999,STOP,-0.023000,7.2078,6.5371,0.3926,31559.70
KAIAUSDT,VOLUME,1791487259999,TIMEOUT,0.012245,2.7249,1.3098,0.1731,11710.78
KAIAUSDT,VOLUME,1791497759999,TIMEOUT,-0.006663,2.5106,3.2576,0.5486,2491.20
KAIAUSDT,VOLUME,1791498779999,TIMEOUT,-0.001306,6.7014,8.3055,0.1509,7416.83
KAIAUSDT,VOLUME,1791500339999,TIMEOUT,-0.009370,3.4202,2.5974,0.5117,3677.66
KAIAUSDT,VOLUME,1791503039999,TIMEOUT,-0.001306,3.3104,1.5028,0.5560,4374.83
KAIAUSDT,VOLUME,1791504359999,TIMEOUT,-0.001314,3.8976,2.2895,0.8425,6350.17
KAIAUSDT,VOLUME,1791505979999,TIMEOUT,0.004014,2.7578,2.8336,0.9460,4797.94
KAIAUSDT,VOLUME,1791507899999,TIMEOUT,0.006714,2.9223,2.1104,0.5771,5288.31
KAIAUSDT,VOLUME,1791509099999,TIMEOUT,-0.003999,2.8412,2.1692,0.8250,5737.59
KAIAUSDT,VOLUME,1791510299999,TIMEOUT,-0.003999,2.5496,1.8367,0.6299,5920.00
KAIAUSDT,VOLUME,1791514499999,TIMEOUT,-0.006642,2.8709,2.7261,0.6209,5974.08
KAIAUSDT,VOLUME,1791515519999,TIMEOUT,-0.001342,8.5521,3.4212,0.1264,17413.12
KAIAUSDT,VOLUME,1791523859999,TIMEOUT,-0.001335,3.1467,0.8129,0.6718,3089.50
KAIAUSDT,VOLUME,1791525959999,TIMEOUT,-0.006663,2.9211,0.9455,0.5123,3609.82
KAIAUSDT,VOLUME,1791526859999,TIMEOUT,-0.003999,4.2504,1.1146,0.8256,5492.38
KAIAUSDT,VOLUME,1791531599999,TARGET,0.047000,3.0854,4.4791,0.8741,4534.80
KAIAUSDT,VOLUME,1791533219999,STOP,-0.023000,350.0116,350.2388,0.5539,697096.40
KAIAUSDT,VOLUME,1791534179999,TARGET,0.047000,3.0396,1.5173,0.4805,570968.42
KAIAUSDT,VOLUME,1791538619999,STOP,-0.023000,2.6006,2.0796,0.5742,1211327.14
KAIAUSDT,VOLUME,1791565559999,STOP,-0.023000,2.5018,1.9844,0.4819,191797.60
KAIAUSDT,VOLUME,1791572399999,STOP,-0.023000,2.7277,2.1773,0.6775,181719.65
KAIAUSDT,VOLUME_FLOW,1791247919999,TIMEOUT,0.005819,2.6244,1.9832,0.8087,13738.45
KAIAUSDT,VOLUME_FLOW,1791249959999,TIMEOUT,-0.006436,4.0317,5.3859,0.7148,28972.18
KAIAUSDT,VOLUME_FLOW,1791251639999,STOP,-0.023000,2.6497,5.4269,0.7928,25676.88
KAIAUSDT,VOLUME_FLOW,1791253739999,TIMEOUT,-0.013841,4.0859,4.1609,0.5918,49856.04
KAIAUSDT,VOLUME_FLOW,1791268559999,TIMEOUT,-0.003999,7.9910,0.9483,0.9693,33194.78
KAIAUSDT,VOLUME_FLOW,1791277379999,TIMEOUT,0.000922,2.8204,4.3559,0.9471,5922.66
KAIAUSDT,VOLUME_FLOW,1791279899999,TIMEOUT,-0.006448,3.4508,3.9771,0.5571,6860.41
KAIAUSDT,VOLUME_FLOW,1791288179999,TIMEOUT,-0.013817,3.0155,2.1160,0.6462,6700.50
KAIAUSDT,VOLUME_FLOW,1791292259999,TIMEOUT,-0.011473,4.8800,3.3526,0.6567,15659.04
KAIAUSDT,VOLUME_FLOW,1791302579999,TIMEOUT,-0.003999,6.5487,7.4377,0.9701,22623.23
KAIAUSDT,VOLUME_FLOW,1791314399999,TIMEOUT,0.003627,2.7144,1.8916,0.5911,2850.86
KAIAUSDT,VOLUME_FLOW,1791317039999,TIMEOUT,-0.001463,2.8892,0.7094,0.9444,1854.31
KAIAUSDT,VOLUME_FLOW,1791324599999,TIMEOUT,-0.011454,3.4993,3.0886,0.7941,4714.18
KAIAUSDT,VOLUME_FLOW,1791335639999,STOP,-0.023000,4.7008,3.1214,0.9329,12563.73
KAIAUSDT,VOLUME_FLOW,1791339119999,TIMEOUT,0.001137,2.7848,3.3639,0.6286,17837.87
KAIAUSDT,VOLUME_FLOW,1791340799999,TIMEOUT,0.006380,2.7660,2.8125,0.7833,17716.58
KAIAUSDT,VOLUME_FLOW,1791346019999,TIMEOUT,-0.006567,2.5824,1.8330,0.6258,13569.35
KAIAUSDT,VOLUME_FLOW,1791355439999,TIMEOUT,0.001191,2.6947,2.3554,0.7672,4838.55
KAIAUSDT,VOLUME_FLOW,1791358019999,TIMEOUT,-0.006601,4.4426,2.5464,0.6089,8733.98
KAIAUSDT,VOLUME_FLOW,1791359039999,TIMEOUT,-0.016906,2.7457,2.6885,0.8472,6080.73
KAIAUSDT,VOLUME_FLOW,1791365519999,TIMEOUT,-0.003999,2.9447,2.5812,0.6698,7450.27
KAIAUSDT,VOLUME_FLOW,1791383819999,TIMEOUT,0.003951,2.6755,1.7865,0.8664,7443.92
KAIAUSDT,VOLUME_FLOW,1791388499999,TIMEOUT,-0.006607,2.9540,2.4484,0.6462,6946.08
KAIAUSDT,VOLUME_FLOW,1791396719999,TIMEOUT,-0.011845,3.7470,2.1304,0.6058,7915.66
KAIAUSDT,VOLUME_FLOW,1791403799999,TIMEOUT,0.001231,3.4913,4.4348,0.9614,3942.11
KAIAUSDT,VOLUME_FLOW,1791404999999,TIMEOUT,-0.006601,3.0310,2.0520,0.6682,2991.48
KAIAUSDT,VOLUME_FLOW,1791406379999,TIMEOUT,-0.014378,6.1940,2.6873,0.8553,5656.97
KAIAUSDT,VOLUME_FLOW,1791417959999,TIMEOUT,-0.001391,8.6321,8.9275,0.9685,3457.55
KAIAUSDT,VOLUME_FLOW,1791420479999,TIMEOUT,-0.001391,6.4043,3.2760,0.7710,5345.28
KAIAUSDT,VOLUME_FLOW,1791421619999,TIMEOUT,-0.006594,4.1888,2.3821,0.8534,4446.52
KAIAUSDT,VOLUME_FLOW,1791424979999,TIMEOUT,0.001204,4.1120,1.8187,0.5738,8173.57
KAIAUSDT,VOLUME_FLOW,1791428039999,TIMEOUT,-0.001404,3.7679,1.9786,0.7886,7720.49
KAIAUSDT,VOLUME_FLOW,1791428939999,TIMEOUT,-0.009202,2.7262,1.3748,0.5975,8062.67
KAIAUSDT,VOLUME_FLOW,1791438479999,TIMEOUT,-0.011845,2.8004,2.4459,0.6192,11961.52
KAIAUSDT,VOLUME_FLOW,1791446579999,TIMEOUT,0.003867,2.9584,1.6194,0.5669,11843.45
KAIAUSDT,VOLUME_FLOW,1791447779999,TIMEOUT,0.027301,2.5064,1.0035,0.9095,11006.55
KAIAUSDT,VOLUME_FLOW,1791451139999,TIMEOUT,-0.011625,5.1845,4.1919,0.7273,27183.78
KAIAUSDT,VOLUME_FLOW,1791469259999,STOP,-0.023000,3.6543,4.8495,0.6022,8527.21
KAIAUSDT,VOLUME_FLOW,1791472619999,STOP,-0.023000,3.8240,4.1163,0.5800,11810.29
KAIAUSDT,VOLUME_FLOW,1791500459999,TIMEOUT,-0.012034,2.7038,2.4000,0.6442,2876.48
KAIAUSDT,VOLUME_FLOW,1791503039999,TIMEOUT,-0.001306,3.3104,1.5028,0.5560,4374.83
KAIAUSDT,VOLUME_FLOW,1791504359999,TIMEOUT,-0.001314,3.8976,2.2895,0.8425,6350.17
KAIAUSDT,VOLUME_FLOW,1791505979999,TIMEOUT,0.004014,2.7578,2.8336,0.9460,4797.94
KAIAUSDT,VOLUME_FLOW,1791507899999,TIMEOUT,0.006714,2.9223,2.1104,0.5771,5288.31
KAIAUSDT,VOLUME_FLOW,1791509099999,TIMEOUT,-0.003999,2.8412,2.1692,0.8250,5737.59
KAIAUSDT,VOLUME_FLOW,1791510299999,TIMEOUT,-0.003999,2.5496,1.8367,0.6299,5920.00
KAIAUSDT,VOLUME_FLOW,1791514499999,TIMEOUT,-0.006642,2.8709,2.7261,0.6209,5974.08
KAIAUSDT,VOLUME_FLOW,1791523859999,TIMEOUT,-0.001335,3.1467,0.8129,0.6718,3089.50
KAIAUSDT,VOLUME_FLOW,1791526619999,TIMEOUT,-0.006663,3.3228,0.8759,0.9435,4790.08
KAIAUSDT,VOLUME_FLOW,1791531599999,TARGET,0.047000,3.0854,4.4791,0.8741,4534.80
KAIAUSDT,VOLUME_FLOW,1791533219999,STOP,-0.023000,350.0116,350.2388,0.5539,697096.40
KAIAUSDT,VOLUME_FLOW,1791538619999,STOP,-0.023000,2.6006,2.0796,0.5742,1211327.14
KAIAUSDT,VOLUME_FLOW,1791572399999,STOP,-0.023000,2.7277,2.1773,0.6775,181719.65
KAIAUSDT,VOLUME_TRADES,1791247919999,TIMEOUT,0.005819,2.6244,1.9832,0.8087,13738.45
KAIAUSDT,VOLUME_TRADES,1791249959999,TIMEOUT,-0.006436,4.0317,5.3859,0.7148,28972.18
KAIAUSDT,VOLUME_TRADES,1791251639999,STOP,-0.023000,2.6497,5.4269,0.7928,25676.88
KAIAUSDT,VOLUME_TRADES,1791253739999,TIMEOUT,-0.013841,4.0859,4.1609,0.5918,49856.04
KAIAUSDT,VOLUME_TRADES,1791267359999,TIMEOUT,-0.003999,2.5455,1.8277,0.3674,9180.49
KAIAUSDT,VOLUME_TRADES,1791277379999,TIMEOUT,0.000922,2.8204,4.3559,0.9471,5922.66
KAIAUSDT,VOLUME_TRADES,1791278759999,TIMEOUT,-0.003999,5.2232,4.8333,0.0556,9645.64
KAIAUSDT,VOLUME_TRADES,1791279659999,TIMEOUT,-0.006460,4.1463,3.9664,0.5483,8351.80
KAIAUSDT,VOLUME_TRADES,1791287519999,TIMEOUT,-0.018654,3.3473,1.9459,0.3837,6667.54
KAIAUSDT,VOLUME_TRADES,1791289499999,TIMEOUT,-0.016332,3.5304,2.2673,0.2955,7893.42
KAIAUSDT,VOLUME_TRADES,1791290579999,TIMEOUT,-0.011417,3.2805,2.5052,0.1236,8267.29
KAIAUSDT,VOLUME_TRADES,1791291959999,TIMEOUT,-0.011454,4.5340,4.1364,0.1200,12805.09
KAIAUSDT,VOLUME_TRADES,1791296699999,TIMEOUT,0.001046,4.4656,4.6695,0.1408,13831.02
KAIAUSDT,VOLUME_TRADES,1791299219999,TIMEOUT,-0.019059,2.5399,2.7591,0.0855,8556.16
KAIAUSDT,VOLUME_TRADES,1791300959999,TIMEOUT,-0.016581,3.2293,1.8425,0.2545,8446.05
KAIAUSDT,VOLUME_TRADES,1791302099999,TIMEOUT,-0.001457,3.8335,3.1366,0.1067,10424.34
KAIAUSDT,VOLUME_TRADES,1791314399999,TIMEOUT,0.003627,2.7144,1.8916,0.5911,2850.86
KAIAUSDT,VOLUME_TRADES,1791316499999,TIMEOUT,0.001072,3.2876,4.9697,0.4090,2022.12
KAIAUSDT,VOLUME_TRADES,1791317579999,TIMEOUT,-0.001476,6.3907,2.6927,0.6934,4363.20
KAIAUSDT,VOLUME_TRADES,1791322979999,TIMEOUT,-0.011473,4.3128,3.0787,0.5072,4409.44
KAIAUSDT,VOLUME_TRADES,1791324599999,TIMEOUT,-0.011454,3.4993,3.0886,0.7941,4714.18
KAIAUSDT,VOLUME_TRADES,1791325499999,TIMEOUT,-0.001489,4.8932,3.0100,0.3690,7828.17
KAIAUSDT,VOLUME_TRADES,1791331139999,TIMEOUT,-0.001476,4.9646,5.7798,0.0901,9178.40
KAIAUSDT,VOLUME_TRADES,1791332879999,TIMEOUT,0.008647,12.1540,2.2105,0.0000,19599.86
KAIAUSDT,VOLUME_TRADES,1791335639999,STOP,-0.023000,4.7008,3.1214,0.9329,12563.73
KAIAUSDT,VOLUME_TRADES,1791338339999,STOP,-0.023000,3.8793,5.3497,0.3652,13690.71
KAIAUSDT,VOLUME_TRADES,1791340799999,TIMEOUT,0.006380,2.7660,2.8125,0.7833,17716.58
KAIAUSDT,VOLUME_TRADES,1791346019999,TIMEOUT,-0.006567,2.5824,1.8330,0.6258,13569.35
KAIAUSDT,VOLUME_TRADES,1791353339999,TIMEOUT,-0.006594,2.5560,1.9141,0.4178,7104.51
KAIAUSDT,VOLUME_TRADES,1791355439999,TIMEOUT,0.001191,2.6947,2.3554,0.7672,4838.55
KAIAUSDT,VOLUME_TRADES,1791357959999,TIMEOUT,-0.006601,3.2652,1.8511,0.4785,6415.51
KAIAUSDT,VOLUME_TRADES,1791359039999,TIMEOUT,-0.016906,2.7457,2.6885,0.8472,6080.73
KAIAUSDT,VOLUME_TRADES,1791362639999,TIMEOUT,-0.019649,2.6300,4.8339,0.2835,5013.91
KAIAUSDT,VOLUME_TRADES,1791363539999,TIMEOUT,-0.011865,4.4983,2.2588,0.0781,9131.32
KAIAUSDT,VOLUME_TRADES,1791364439999,TIMEOUT,-0.006635,5.0442,4.8363,0.1859,12102.43
KAIAUSDT,VOLUME_TRADES,1791365519999,TIMEOUT,-0.003999,2.9447,2.5812,0.6698,7450.27
KAIAUSDT,VOLUME_TRADES,1791367679999,TIMEOUT,-0.001356,4.2237,2.3647,0.3241,14880.98
KAIAUSDT,VOLUME_TRADES,1791373679999,TIMEOUT,-0.003999,2.6414,2.5250,0.3193,7616.55
KAIAUSDT,VOLUME_TRADES,1791374819999,TIMEOUT,0.001343,7.9549,1.8807,0.2088,25660.25
KAIAUSDT,VOLUME_TRADES,1791381059999,TIMEOUT,0.001343,2.8064,2.2788,0.3740,11736.06
KAIAUSDT,VOLUME_TRADES,1791388499999,TIMEOUT,-0.006607,2.9540,2.4484,0.6462,6946.08
KAIAUSDT,VOLUME_TRADES,1791396419999,TIMEOUT,-0.017007,2.6626,3.4233,0.4594,5290.69
KAIAUSDT,VOLUME_TRADES,1791403799999,TIMEOUT,0.001231,3.4913,4.4348,0.9614,3942.11
KAIAUSDT,VOLUME_TRADES,1791404999999,TIMEOUT,-0.006601,3.0310,2.0520,0.6682,2991.48
KAIAUSDT,VOLUME_TRADES,1791406379999,TIMEOUT,-0.014378,6.1940,2.6873,0.8553,5656.97
KAIAUSDT,VOLUME_TRADES,1791417959999,TIMEOUT,-0.001391,8.6321,8.9275,0.9685,3457.55
KAIAUSDT,VOLUME_TRADES,1791420179999,TIMEOUT,0.001231,3.2195,3.7297,0.0968,2379.68
KAIAUSDT,VOLUME_TRADES,1791421619999,TIMEOUT,-0.006594,4.1888,2.3821,0.8534,4446.52
KAIAUSDT,VOLUME_TRADES,1791423419999,TIMEOUT,-0.003999,2.9314,7.4074,0.5489,5268.73
KAIAUSDT,VOLUME_TRADES,1791424979999,TIMEOUT,0.001204,4.1120,1.8187,0.5738,8173.57
KAIAUSDT,VOLUME_TRADES,1791428039999,TIMEOUT,-0.001404,3.7679,1.9786,0.7886,7720.49
KAIAUSDT,VOLUME_TRADES,1791429539999,STOP,-0.023000,3.3967,2.6338,0.5366,10498.99
KAIAUSDT,VOLUME_TRADES,1791433259999,TIMEOUT,-0.001349,6.0422,4.0100,0.4878,22317.72
KAIAUSDT,VOLUME_TRADES,1791436559999,TIMEOUT,-0.001349,3.2744,3.3083,0.4593,13592.48
KAIAUSDT,VOLUME_TRADES,1791438479999,TIMEOUT,-0.011845,2.8004,2.4459,0.6192,11961.52
KAIAUSDT,VOLUME_TRADES,1791443699999,TIMEOUT,-0.011824,3.7167,4.3898,0.4545,12575.75
KAIAUSDT,VOLUME_TRADES,1791446339999,TIMEOUT,-0.001370,4.8642,5.7154,0.3149,17876.47
KAIAUSDT,VOLUME_TRADES,1791451139999,TIMEOUT,-0.011625,5.1845,4.1919,0.7273,27183.78
KAIAUSDT,VOLUME_TRADES,1791466979999,TIMEOUT,0.003806,4.4089,2.2689,0.0930,9187.48
KAIAUSDT,VOLUME_TRADES,1791469259999,STOP,-0.023000,3.6543,4.8495,0.6022,8527.21
KAIAUSDT,VOLUME_TRADES,1791472379999,STOP,-0.023000,3.8236,3.0888,0.3977,11432.76
KAIAUSDT,VOLUME_TRADES,1791473279999,STOP,-0.023000,7.2078,6.5371,0.3926,31559.70
KAIAUSDT,VOLUME_TRADES,1791497759999,TIMEOUT,-0.006663,2.5106,3.2576,0.5486,2491.20
KAIAUSDT,VOLUME_TRADES,1791498779999,TIMEOUT,-0.001306,6.7014,8.3055,0.1509,7416.83
KAIAUSDT,VOLUME_TRADES,1791500339999,TIMEOUT,-0.009370,3.4202,2.5974,0.5117,3677.66
KAIAUSDT,VOLUME_TRADES,1791503099999,TIMEOUT,-0.001306,4.8853,1.9163,0.5205,6452.63
KAIAUSDT,VOLUME_TRADES,1791504359999,TIMEOUT,-0.001314,3.8976,2.2895,0.8425,6350.17
KAIAUSDT,VOLUME_TRADES,1791505979999,TIMEOUT,0.004014,2.7578,2.8336,0.9460,4797.94
KAIAUSDT,VOLUME_TRADES,1791507899999,TIMEOUT,0.006714,2.9223,2.1104,0.5771,5288.31
KAIAUSDT,VOLUME_TRADES,1791509099999,TIMEOUT,-0.003999,2.8412,2.1692,0.8250,5737.59
KAIAUSDT,VOLUME_TRADES,1791510299999,TIMEOUT,-0.003999,2.5496,1.8367,0.6299,5920.00
KAIAUSDT,VOLUME_TRADES,1791514499999,TIMEOUT,-0.006642,2.8709,2.7261,0.6209,5974.08
KAIAUSDT,VOLUME_TRADES,1791515519999,TIMEOUT,-0.001342,8.5521,3.4212,0.1264,17413.12
KAIAUSDT,VOLUME_TRADES,1791531599999,TARGET,0.047000,3.0854,4.4791,0.8741,4534.80
KAIAUSDT,VOLUME_TRADES,1791533219999,STOP,-0.023000,350.0116,350.2388,0.5539,697096.40
KAIAUSDT,VOLUME_TRADES,1791538619999,STOP,-0.023000,2.6006,2.0796,0.5742,1211327.14
KAIAUSDT,VOLUME_TRADES,1791565559999,STOP,-0.023000,2.5018,1.9844,0.4819,191797.60
KAIAUSDT,VOLUME_TRADES,1791572399999,STOP,-0.023000,2.7277,2.1773,0.6775,181719.65
KAIAUSDT,BREAKOUT,1791246119999,TIMEOUT,0.000922,1.1397,1.0286,0.9914,5687.25
KAIAUSDT,BREAKOUT,1791247799999,TIMEOUT,0.005819,2.2786,2.1791,0.8842,11539.47
KAIAUSDT,BREAKOUT,1791249959999,TIMEOUT,-0.006436,4.0317,5.3859,0.7148,28972.18
KAIAUSDT,BREAKOUT,1791255779999,STOP,-0.023000,1.5491,1.0971,0.4047,20589.20
KAIAUSDT,BREAKOUT,1791258839999,TIMEOUT,0.008334,0.3525,0.5200,0.6849,4074.41
KAIAUSDT,BREAKOUT,1791259739999,TIMEOUT,0.005795,0.6405,1.0158,0.8784,6420.43
KAIAUSDT,BREAKOUT,1791261179999,TIMEOUT,-0.008872,0.5556,1.2762,0.6560,4829.54
KAIAUSDT,BREAKOUT,1791274139999,TIMEOUT,0.003456,0.4513,0.5632,0.4855,2182.52
KAIAUSDT,BREAKOUT,1791275159999,TIMEOUT,0.000947,0.0171,0.0533,1.0000,74.75
KAIAUSDT,BREAKOUT,1791277379999,TIMEOUT,0.000922,2.8204,4.3559,0.9471,5922.66
KAIAUSDT,BREAKOUT,1791283499999,TIMEOUT,0.000910,0.4306,0.3801,0.8924,1123.65
KAIAUSDT,BREAKOUT,1791284819999,TIMEOUT,-0.008884,1.8714,2.2298,0.7098,4691.66
KAIAUSDT,BREAKOUT,1791287159999,TIMEOUT,-0.018619,1.2990,3.4286,0.8385,2597.84
KAIAUSDT,BREAKOUT,1791298559999,TIMEOUT,-0.019022,0.9810,1.2510,0.8745,3161.93
KAIAUSDT,BREAKOUT,1791307979999,TIMEOUT,-0.009044,0.2960,0.6220,0.1782,1083.81
KAIAUSDT,BREAKOUT,1791312359999,TIMEOUT,-0.006522,0.5954,1.7764,0.6961,654.29
KAIAUSDT,BREAKOUT,1791317639999,TIMEOUT,-0.003999,6.5081,2.9268,0.6990,4443.37
KAIAUSDT,BREAKOUT,1791322019999,TIMEOUT,-0.006509,2.1863,1.0323,0.7285,2122.19
KAIAUSDT,BREAKOUT,1791322979999,TIMEOUT,-0.011473,4.3128,3.0787,0.5072,4409.44
KAIAUSDT,BREAKOUT,1791324719999,TIMEOUT,-0.018872,2.4455,3.0821,0.7277,3412.23
KAIAUSDT,BREAKOUT,1791334019999,TIMEOUT,-0.009019,0.8756,1.7087,0.5884,2166.67
KAIAUSDT,BREAKOUT,1791335639999,STOP,-0.023000,4.7008,3.1214,0.9329,12563.73
KAIAUSDT,BREAKOUT,1791342179999,TIMEOUT,0.001150,0.2046,0.3831,0.2450,1451.98
KAIAUSDT,BREAKOUT,1791347219999,TIMEOUT,-0.014193,1.0947,2.0723,0.2453,4827.84
KAIAUSDT,BREAKOUT,1791349919999,TIMEOUT,-0.011703,0.0031,0.0188,1.0000,12.00
KAIAUSDT,BREAKOUT,1791358619999,TIMEOUT,-0.011763,2.2659,1.0435,0.9826,4795.16
KAIAUSDT,BREAKOUT,1791374399999,TIMEOUT,-0.003999,0.6483,0.5839,0.9378,1961.66
KAIAUSDT,BREAKOUT,1791382079999,TIMEOUT,-0.009313,0.7371,0.5839,0.7228,3101.61
KAIAUSDT,BREAKOUT,1791383159999,TIMEOUT,-0.001342,0.7932,0.7797,0.5193,2273.88
KAIAUSDT,BREAKOUT,1791386279999,TIMEOUT,0.011900,1.5074,1.1860,0.7871,4121.14
KAIAUSDT,BREAKOUT,1791387179999,TIMEOUT,0.003888,1.6016,3.1498,0.6575,4240.55
KAIAUSDT,BREAKOUT,1791388559999,TIMEOUT,-0.011804,8.9639,4.6943,0.7129,19955.57
KAIAUSDT,BREAKOUT,1791396299999,TIMEOUT,-0.017007,2.2179,3.1790,0.5351,4541.80
KAIAUSDT,BREAKOUT,1791403859999,TIMEOUT,-0.001384,3.4703,4.5217,0.9560,3926.48
KAIAUSDT,BREAKOUT,1791411839999,TIMEOUT,-0.003999,0.6657,1.2973,0.9184,864.27
KAIAUSDT,BREAKOUT,1791415079999,TIMEOUT,0.001231,1.2863,0.4788,0.9191,874.52
KAIAUSDT,BREAKOUT,1791417359999,TIMEOUT,-0.001384,4.9927,0.8759,0.3809,2010.74
KAIAUSDT,BREAKOUT,1791421619999,TIMEOUT,-0.006594,4.1888,2.3821,0.8534,4446.52
KAIAUSDT,BREAKOUT,1791436979999,TIMEOUT,-0.019649,0.9341,1.1986,0.6714,4005.89
KAIAUSDT,BREAKOUT,1791442139999,TIMEOUT,0.001259,0.1411,0.3081,0.7169,517.44
KAIAUSDT,BREAKOUT,1791443159999,TIMEOUT,-0.003999,0.9978,0.7590,0.6411,3368.54
KAIAUSDT,BREAKOUT,1791450179999,TIMEOUT,0.016759,1.2778,0.7899,0.9490,5949.40
KAIAUSDT,BREAKOUT,1791451139999,TIMEOUT,-0.011625,5.1845,4.1919,0.7273,27183.78
KAIAUSDT,BREAKOUT,1791457019999,STOP,-0.023000,1.2022,1.0506,0.5660,7614.92
KAIAUSDT,BREAKOUT,1791464639999,TIMEOUT,0.001204,1.2707,0.9313,0.9065,3681.98
KAIAUSDT,BREAKOUT,1791465719999,TIMEOUT,-0.001424,0.1003,0.5854,0.1186,247.02
KAIAUSDT,BREAKOUT,1791468119999,TIMEOUT,-0.011743,0.6924,0.6923,0.9220,1747.08
KAIAUSDT,BREAKOUT,1791476339999,TIMEOUT,-0.006706,1.4158,0.9961,0.6268,10542.88
KAIAUSDT,BREAKOUT,1791477659999,STOP,-0.023000,0.4529,0.2727,0.5140,3387.13
KAIAUSDT,BREAKOUT,1791483779999,TIMEOUT,-0.014684,0.7705,1.7206,0.4776,3727.77
KAIAUSDT,BREAKOUT,1791489299999,TIMEOUT,0.012114,0.7509,0.4537,0.6777,2934.69
KAIAUSDT,BREAKOUT,1791505859999,TIMEOUT,0.009392,1.9548,2.2054,0.9289,3400.30
KAIAUSDT,BREAKOUT,1791509279999,TIMEOUT,-0.009285,4.9985,4.1183,0.7329,9632.39
KAIAUSDT,BREAKOUT,1791514319999,TIMEOUT,-0.009271,2.2930,2.0893,0.8856,4770.12
KAIAUSDT,BREAKOUT,1791519359999,TIMEOUT,-0.014543,1.9760,3.0084,0.3710,3708.76
KAIAUSDT,BREAKOUT,1791526979999,TIMEOUT,-0.001335,1.1285,0.7391,0.5180,1645.25
KAIAUSDT,BREAKOUT,1791528179999,TIMEOUT,-0.001349,1.6094,1.0772,0.8195,2360.81
KAIAUSDT,BREAKOUT,1791531539999,TARGET,0.047000,1.9125,3.2758,0.8815,2810.89
KAIAUSDT,BREAKOUT,1791537899999,STOP,-0.023000,1.3424,0.9360,0.5299,565952.50
KAIAUSDT,BREAKOUT,1791540839999,TARGET,0.047000,0.8657,0.8466,0.5414,449678.33
KAIAUSDT,BREAKOUT,1791544799999,STOP,-0.023000,0.6327,0.5611,0.5952,224563.46
KAIAUSDT,BREAKOUT,1791550139999,TIMEOUT,-0.011225,0.5603,0.4900,0.6523,87686.81
KAIAUSDT,BREAKOUT,1791551519999,STOP,-0.023000,1.0775,0.8200,0.6923,169731.37
KAIAUSDT,BREAKOUT,1791561539999,STOP,-0.023000,0.9995,0.9175,0.5560,74375.09
KAIAUSDT,BREAKOUT,1791564539999,STOP,-0.023000,2.1606,2.1268,0.4759,157724.28
KAIAUSDT,BREAKOUT,1791569279999,TIMEOUT,0.007080,1.2160,1.3044,0.5924,83665.90
KAIAUSDT,BREAKOUT,1791570959999,STOP,-0.023000,1.1391,1.4249,0.6319,76136.05
KAIAUSDT,BREAKOUT,1791571859999,STOP,-0.023000,1.9295,1.4045,0.7508,131751.55
KAIAUSDT,BREAKOUT,1791576239999,CENSORED,NaN,0.4762,0.4690,0.6694,32126.31
KAIAUSDT,FULL_WATCH,1791248039999,TIMEOUT,0.008274,5.5280,4.1577,0.7548,29173.44
KAIAUSDT,FULL_WATCH,1791249959999,TIMEOUT,-0.006436,4.0317,5.3859,0.7148,28972.18
KAIAUSDT,FULL_WATCH,1791251639999,STOP,-0.023000,2.6497,5.4269,0.7928,25676.88
KAIAUSDT,FULL_WATCH,1791253979999,STOP,-0.023000,5.6416,5.2293,0.7068,71553.79
KAIAUSDT,FULL_WATCH,1791388679999,TIMEOUT,-0.011804,14.4513,9.7846,0.5684,32477.89
KAIAUSDT,FULL_WATCH,1791451139999,TIMEOUT,-0.011625,5.1845,4.1919,0.7273,27183.78
KAIAUSDT,FULL_WATCH,1791572399999,STOP,-0.023000,2.7277,2.1773,0.6775,181719.65
KAIAUSDT,FULL_BUY,1791249959999,TIMEOUT,-0.006436,4.0317,5.3859,0.7148,28972.18
KAIAUSDT,FULL_BUY,1791451139999,TIMEOUT,-0.011625,5.1845,4.1919,0.7273,27183.78
BATUSDT,VOLUME,1791245039999,TIMEOUT,-0.013335,4.1799,4.9328,0.8148,6318.59
BATUSDT,VOLUME,1791246059999,TIMEOUT,-0.009622,4.5182,1.6505,0.4290,12195.37
BATUSDT,VOLUME,1791252539999,TIMEOUT,-0.013477,2.5294,1.8918,0.2089,7274.16
BATUSDT,VOLUME,1791253919999,TIMEOUT,-0.004954,2.5159,2.2919,0.1425,4249.03
BATUSDT,VOLUME,1791257099999,TIMEOUT,-0.003047,2.8140,2.2605,0.7487,4725.20
BATUSDT,VOLUME,1791260939999,TIMEOUT,-0.000182,2.7444,2.8629,0.1404,3241.11
BATUSDT,VOLUME,1791269279999,TIMEOUT,-0.007765,10.7366,7.3282,0.9390,8655.22
BATUSDT,VOLUME,1791270959999,TIMEOUT,-0.008689,2.8039,1.7054,0.7426,3607.35
BATUSDT,VOLUME,1791273599999,TIMEOUT,-0.009691,2.8544,0.9805,0.0549,3638.55
BATUSDT,VOLUME,1791276479999,TIMEOUT,-0.005904,4.6333,3.6179,0.2252,7345.69
BATUSDT,VOLUME,1791285119999,TIMEOUT,0.001683,2.7392,3.3274,0.7536,3242.43
BATUSDT,VOLUME,1791286079999,TIMEOUT,-0.003999,2.7554,2.1534,0.2048,3688.67
BATUSDT,VOLUME,1791288659999,TIMEOUT,-0.012473,2.8973,7.1027,0.7143,3136.35
BATUSDT,VOLUME,1791289559999,TIMEOUT,-0.005887,21.8079,4.2919,0.8908,34007.40
BATUSDT,VOLUME,1791290459999,TIMEOUT,-0.014405,2.8887,2.8777,0.9394,11211.33
BATUSDT,VOLUME,1791291899999,TIMEOUT,-0.017306,3.2870,1.3625,0.8488,17509.33
BATUSDT,VOLUME,1791298019999,TIMEOUT,-0.006912,3.0934,1.6189,0.0297,15954.71
BATUSDT,VOLUME,1791298919999,TIMEOUT,-0.013689,3.7898,1.6667,0.9313,19974.76
BATUSDT,VOLUME,1791301079999,TIMEOUT,0.004722,3.3297,1.2477,0.9242,17881.96
BATUSDT,VOLUME,1791303419999,TIMEOUT,0.002843,3.1034,0.7479,0.8187,19707.88
BATUSDT,VOLUME,1791304319999,TIMEOUT,-0.010762,3.0551,1.2144,0.6613,25910.89
BATUSDT,VOLUME,1791313919999,TIMEOUT,-0.005981,2.8017,1.7401,0.7062,6353.70
BATUSDT,VOLUME,1791314819999,TIMEOUT,0.004983,5.1822,5.2346,0.3806,12211.72
BATUSDT,VOLUME,1791315779999,TIMEOUT,0.001989,13.4720,2.8387,0.3013,36495.25
BATUSDT,VOLUME,1791326999999,TIMEOUT,-0.003004,51.8500,2.8571,0.9889,9764.30
BATUSDT,VOLUME,1791330599999,TIMEOUT,0.006935,5.8883,9.7500,0.0114,5113.14
BATUSDT,VOLUME,1791332759999,TIMEOUT,-0.004982,2.5500,5.4857,0.7702,3498.63
BATUSDT,VOLUME,1791333659999,TIMEOUT,-0.006949,8.0120,13.5692,0.0883,13880.22
BATUSDT,VOLUME,1791335099999,STOP,-0.023000,2.6151,2.6919,0.5080,5357.47
BATUSDT,VOLUME,1791338459999,TIMEOUT,-0.000987,4.5769,3.8827,0.1636,14583.92
BATUSDT,VOLUME,1791339539999,TIMEOUT,-0.001997,2.5497,0.7131,0.9062,13649.96
BATUSDT,VOLUME,1791347579999,TARGET,0.047000,3.7675,3.3139,0.1533,9700.93
BATUSDT,VOLUME,1791349319999,TARGET,0.047000,4.2835,2.3061,0.8616,10157.01
BATUSDT,VOLUME,1791350219999,TIMEOUT,-0.011596,18.9603,13.2296,0.4914,200170.00
BATUSDT,VOLUME,1791351599999,STOP,-0.023000,2.6297,2.2770,0.4874,55254.51
BATUSDT,VOLUME,1791360659999,STOP,-0.023000,2.6457,9.2263,0.5755,15099.97
BATUSDT,VOLUME,1791361559999,STOP,-0.023000,3.6067,3.0437,0.4760,19677.89
BATUSDT,VOLUME,1791367019999,TIMEOUT,0.007023,3.7375,1.4291,0.3293,19496.32
BATUSDT,VOLUME,1791374579999,TIMEOUT,-0.010011,3.3157,2.0667,0.9392,7291.32
BATUSDT,VOLUME,1791377999999,TIMEOUT,-0.003999,3.7017,1.3440,0.9298,6798.78
BATUSDT,VOLUME,1791379679999,TIMEOUT,-0.009029,2.5203,2.1310,0.7891,5137.18
BATUSDT,VOLUME,1791380939999,TIMEOUT,0.002086,2.9539,4.2292,0.7299,6276.56
BATUSDT,VOLUME,1791381839999,TIMEOUT,-0.012055,3.1916,3.2230,0.9127,7997.65
BATUSDT,VOLUME,1791383159999,TIMEOUT,-0.014110,2.5686,1.5620,0.9552,6206.78
BATUSDT,VOLUME,1791385319999,TIMEOUT,0.002056,3.8997,2.1120,0.5115,12031.58
BATUSDT,VOLUME,1791388799999,TIMEOUT,0.003036,4.1339,0.9730,0.2321,13282.94
BATUSDT,VOLUME,1791390959999,TIMEOUT,-0.004992,2.5059,1.4924,0.5839,9310.54
BATUSDT,VOLUME,1791397319999,TIMEOUT,-0.010937,10.0434,12.0603,0.4662,20418.37
BATUSDT,VOLUME,1791402539999,TIMEOUT,0.004938,2.8286,1.4881,0.4001,5866.79
BATUSDT,VOLUME,1791406079999,TIMEOUT,-0.017778,5.2810,3.7091,0.6509,5940.94
BATUSDT,VOLUME,1791407159999,TIMEOUT,-0.014847,3.5692,4.3417,0.4164,5007.26
BATUSDT,VOLUME,1791409139999,TIMEOUT,-0.002005,2.6200,1.6210,0.4959,4378.05
BATUSDT,VOLUME,1791410159999,TIMEOUT,0.003001,2.6102,1.7213,0.1037,3903.07
BATUSDT,VOLUME,1791414719999,TIMEOUT,0.010808,2.9491,2.9066,0.0481,3147.80
BATUSDT,VOLUME,1791416399999,TIMEOUT,0.007742,3.3764,2.9174,0.7938,5191.30
BATUSDT,VOLUME,1791417839999,TIMEOUT,0.010592,2.5684,1.7407,0.8974,5546.59
BATUSDT,VOLUME,1791418739999,TIMEOUT,0.004730,5.9757,3.7910,0.6383,16290.14
BATUSDT,VOLUME,1791421799999,STOP,-0.023000,4.3702,1.6972,0.8702,17500.66
BATUSDT,VOLUME,1791425279999,TIMEOUT,-0.003042,2.7075,1.8841,0.8636,12398.02
BATUSDT,VOLUME,1791428099999,TIMEOUT,-0.004950,8.4563,10.4137,0.5089,34364.39
BATUSDT,VOLUME,1791430019999,TIMEOUT,-0.004950,2.8608,2.0223,0.3666,15994.18
BATUSDT,VOLUME,1791432659999,STOP,-0.023000,2.5306,2.4395,0.8233,15196.68
BATUSDT,VOLUME,1791433559999,TIMEOUT,0.000767,2.5032,3.1591,0.3320,17960.20
BATUSDT,VOLUME,1791441659999,TIMEOUT,-0.012619,2.8694,0.5924,0.8295,12064.65
BATUSDT,VOLUME,1791444359999,TIMEOUT,-0.015504,3.8446,2.7872,0.4073,12323.58
BATUSDT,VOLUME,1791449159999,TIMEOUT,0.001866,2.7351,4.1001,0.3477,8487.23
BATUSDT,VOLUME,1791451199999,TIMEOUT,0.003813,3.0770,2.8251,0.4495,9467.65
BATUSDT,VOLUME,1791456719999,TIMEOUT,0.004859,6.0873,4.1143,0.3151,7653.15
BATUSDT,VOLUME,1791457739999,TIMEOUT,0.005892,2.6029,1.6203,0.6557,4008.54
BATUSDT,VOLUME,1791458699999,TIMEOUT,-0.001069,4.5490,3.5683,0.9770,6287.14
BATUSDT,VOLUME,1791464219999,STOP,-0.023000,3.3185,2.1945,0.4089,6231.69
BATUSDT,VOLUME,1791467039999,TIMEOUT,0.012750,21.5404,26.6152,0.5130,44591.18
BATUSDT,VOLUME,1791469799999,STOP,-0.023174,3.6315,2.7622,0.7084,18088.27
BATUSDT,VOLUME,1791472919999,STOP,-0.023000,2.5376,1.7855,0.5426,14123.37
BATUSDT,VOLUME,1791473819999,TIMEOUT,0.001114,3.3445,2.2485,0.4719,26689.56
BATUSDT,VOLUME,1791475499999,STOP,-0.023000,2.5102,1.7410,0.2642,18654.59
BATUSDT,VOLUME,1791478859999,TIMEOUT,0.001220,2.7248,2.5674,0.2774,20924.88
BATUSDT,VOLUME,1791486659999,TIMEOUT,-0.001964,2.9019,4.5609,0.7806,7617.62
BATUSDT,VOLUME,1791488519999,STOP,-0.023000,3.9782,0.8902,0.1409,8780.36
BATUSDT,VOLUME,1791496859999,TIMEOUT,0.013947,2.9204,1.8028,0.0000,4559.04
BATUSDT,VOLUME,1791498359999,TIMEOUT,0.014831,2.6190,1.7778,0.7145,3679.94
BATUSDT,VOLUME,1791500459999,TIMEOUT,0.004824,2.6356,0.7684,0.4479,5635.97
BATUSDT,VOLUME,1791502199999,STOP,-0.024328,4.3424,3.0564,0.4680,10054.36
BATUSDT,VOLUME,1791508679999,TIMEOUT,-0.003999,3.3345,0.6648,0.0140,8083.07
BATUSDT,VOLUME,1791510839999,TIMEOUT,-0.006934,5.5291,3.1579,0.1071,9674.58
BATUSDT,VOLUME,1791514979999,TARGET,0.047000,7.7457,7.4697,0.4350,10681.44
BATUSDT,VOLUME,1791515999999,TIMEOUT,0.036579,2.5299,4.0498,0.5421,9109.38
BATUSDT,VOLUME,1791518279999,TIMEOUT,-0.008694,2.7718,1.8118,0.7518,18827.01
BATUSDT,VOLUME,1791524099999,TARGET,0.047000,3.0189,2.4619,0.7909,24637.50
BATUSDT,VOLUME,1791525899999,TIMEOUT,0.020976,6.1222,3.7152,0.3015,68200.22
BATUSDT,VOLUME,1791529379999,STOP,-0.023000,3.6531,2.9975,0.3603,66810.90
BATUSDT,VOLUME,1791538079999,TIMEOUT,-0.011750,2.8463,3.3113,0.7370,50755.91
BATUSDT,VOLUME,1791540659999,TIMEOUT,-0.014387,2.9101,2.2930,0.2746,43497.49
BATUSDT,VOLUME,1791547199999,STOP,-0.023000,6.1127,1.5478,0.7583,49750.08
BATUSDT,VOLUME,1791555299999,TIMEOUT,0.028112,2.5761,2.2442,0.6379,18785.23
BATUSDT,VOLUME,1791557699999,TARGET,0.047000,3.2371,3.6331,0.6370,23706.48
BATUSDT,VOLUME,1791558599999,TARGET,0.047000,2.7238,2.2565,0.6282,26822.41
BATUSDT,VOLUME,1791559499999,TARGET,0.047000,8.0218,8.5638,0.4567,99370.83
BATUSDT,VOLUME,1791560399999,TARGET,0.047000,4.1088,3.0617,0.5530,109547.52
BATUSDT,VOLUME,1791561299999,STOP,-0.023000,3.7746,3.5025,0.5360,150699.47
BATUSDT,VOLUME,1791562199999,TARGET,0.047000,4.0264,1.9727,0.6071,232470.03
BATUSDT,VOLUME,1791563399999,TARGET,0.047000,2.5053,2.6081,0.6636,196724.54
BATUSDT,VOLUME,1791566459999,STOP,-0.023000,2.6675,1.9956,0.5701,365980.62
BATUSDT,VOLUME,1791574919999,CENSORED,NaN,2.5487,2.3209,0.6210,163769.77
BATUSDT,VOLUME_FLOW,1791245039999,TIMEOUT,-0.013335,4.1799,4.9328,0.8148,6318.59
BATUSDT,VOLUME_FLOW,1791254099999,TIMEOUT,-0.003999,3.5514,2.8552,0.6025,6451.98
BATUSDT,VOLUME_FLOW,1791257099999,TIMEOUT,-0.003047,2.8140,2.2605,0.7487,4725.20
BATUSDT,VOLUME_FLOW,1791261479999,TIMEOUT,0.006537,2.9128,1.9568,0.6710,3272.08
BATUSDT,VOLUME_FLOW,1791269279999,TIMEOUT,-0.007765,10.7366,7.3282,0.9390,8655.22
BATUSDT,VOLUME_FLOW,1791270959999,TIMEOUT,-0.008689,2.8039,1.7054,0.7426,3607.35
BATUSDT,VOLUME_FLOW,1791273899999,STOP,-0.023000,4.6668,3.2519,0.6416,6575.84
BATUSDT,VOLUME_FLOW,1791277019999,TIMEOUT,-0.005905,4.1655,5.0936,0.7256,7874.60
BATUSDT,VOLUME_FLOW,1791285119999,TIMEOUT,0.001683,2.7392,3.3274,0.7536,3242.43
BATUSDT,VOLUME_FLOW,1791288659999,TIMEOUT,-0.012473,2.8973,7.1027,0.7143,3136.35
BATUSDT,VOLUME_FLOW,1791289559999,TIMEOUT,-0.005887,21.8079,4.2919,0.8908,34007.40
BATUSDT,VOLUME_FLOW,1791290459999,TIMEOUT,-0.014405,2.8887,2.8777,0.9394,11211.33
BATUSDT,VOLUME_FLOW,1791291899999,TIMEOUT,-0.017306,3.2870,1.3625,0.8488,17509.33
BATUSDT,VOLUME_FLOW,1791298739999,TIMEOUT,-0.016547,3.7953,1.6250,0.9526,19881.46
BATUSDT,VOLUME_FLOW,1791301079999,TIMEOUT,0.004722,3.3297,1.2477,0.9242,17881.96
BATUSDT,VOLUME_FLOW,1791303419999,TIMEOUT,0.002843,3.1034,0.7479,0.8187,19707.88
BATUSDT,VOLUME_FLOW,1791304319999,TIMEOUT,-0.010762,3.0551,1.2144,0.6613,25910.89
BATUSDT,VOLUME_FLOW,1791313919999,TIMEOUT,-0.005981,2.8017,1.7401,0.7062,6353.70
BATUSDT,VOLUME_FLOW,1791315539999,TIMEOUT,0.004974,3.0816,1.0958,0.7934,8998.17
BATUSDT,VOLUME_FLOW,1791326999999,TIMEOUT,-0.003004,51.8500,2.8571,0.9889,9764.30
BATUSDT,VOLUME_FLOW,1791331019999,TIMEOUT,0.003937,3.5904,9.4945,0.6006,3892.30
BATUSDT,VOLUME_FLOW,1791332759999,TIMEOUT,-0.004982,2.5500,5.4857,0.7702,3498.63
BATUSDT,VOLUME_FLOW,1791333839999,TIMEOUT,-0.008906,2.7621,3.5580,0.7037,6205.19
BATUSDT,VOLUME_FLOW,1791338819999,TIMEOUT,0.007112,2.8168,3.3429,0.6157,13283.70
BATUSDT,VOLUME_FLOW,1791349319999,TARGET,0.047000,4.2835,2.3061,0.8616,10157.01
BATUSDT,VOLUME_FLOW,1791360659999,STOP,-0.023000,2.6457,9.2263,0.5755,15099.97
BATUSDT,VOLUME_FLOW,1791374579999,TIMEOUT,-0.010011,3.3157,2.0667,0.9392,7291.32
BATUSDT,VOLUME_FLOW,1791377999999,TIMEOUT,-0.003999,3.7017,1.3440,0.9298,6798.78
BATUSDT,VOLUME_FLOW,1791379679999,TIMEOUT,-0.009029,2.5203,2.1310,0.7891,5137.18
BATUSDT,VOLUME_FLOW,1791380939999,TIMEOUT,0.002086,2.9539,4.2292,0.7299,6276.56
BATUSDT,VOLUME_FLOW,1791381839999,TIMEOUT,-0.012055,3.1916,3.2230,0.9127,7997.65
BATUSDT,VOLUME_FLOW,1791383159999,TIMEOUT,-0.014110,2.5686,1.5620,0.9552,6206.78
BATUSDT,VOLUME_FLOW,1791389099999,TIMEOUT,-0.009969,3.3038,2.3062,0.7846,11902.67
BATUSDT,VOLUME_FLOW,1791390959999,TIMEOUT,-0.004992,2.5059,1.4924,0.5839,9310.54
BATUSDT,VOLUME_FLOW,1791406079999,TIMEOUT,-0.017778,5.2810,3.7091,0.6509,5940.94
BATUSDT,VOLUME_FLOW,1791407279999,TIMEOUT,-0.018734,4.3300,5.3267,0.5538,6114.61
BATUSDT,VOLUME_FLOW,1791415439999,TIMEOUT,0.004842,3.3131,4.2963,0.5624,4118.46
BATUSDT,VOLUME_FLOW,1791416399999,TIMEOUT,0.007742,3.3764,2.9174,0.7938,5191.30
BATUSDT,VOLUME_FLOW,1791417839999,TIMEOUT,0.010592,2.5684,1.7407,0.8974,5546.59
BATUSDT,VOLUME_FLOW,1791418739999,TIMEOUT,0.004730,5.9757,3.7910,0.6383,16290.14
BATUSDT,VOLUME_FLOW,1791421799999,STOP,-0.023000,4.3702,1.6972,0.8702,17500.66
BATUSDT,VOLUME_FLOW,1791425279999,TIMEOUT,-0.003042,2.7075,1.8841,0.8636,12398.02
BATUSDT,VOLUME_FLOW,1791432659999,STOP,-0.023000,2.5306,2.4395,0.8233,15196.68
BATUSDT,VOLUME_FLOW,1791433679999,STOP,-0.023000,2.6462,1.4838,0.6812,20254.31
BATUSDT,VOLUME_FLOW,1791441659999,TIMEOUT,-0.012619,2.8694,0.5924,0.8295,12064.65
BATUSDT,VOLUME_FLOW,1791457739999,TIMEOUT,0.005892,2.6029,1.6203,0.6557,4008.54
BATUSDT,VOLUME_FLOW,1791458699999,TIMEOUT,-0.001069,4.5490,3.5683,0.9770,6287.14
BATUSDT,VOLUME_FLOW,1791469799999,STOP,-0.023174,3.6315,2.7622,0.7084,18088.27
BATUSDT,VOLUME_FLOW,1791472979999,STOP,-0.023000,3.3117,2.2300,0.6126,18422.44
BATUSDT,VOLUME_FLOW,1791486659999,TIMEOUT,-0.001964,2.9019,4.5609,0.7806,7617.62
BATUSDT,VOLUME_FLOW,1791498359999,TIMEOUT,0.014831,2.6190,1.7778,0.7145,3679.94
BATUSDT,VOLUME_FLOW,1791502259999,STOP,-0.023000,3.0745,2.0120,0.6807,7532.31
BATUSDT,VOLUME_FLOW,1791515339999,TARGET,0.047000,14.6741,14.9864,0.6950,25961.96
BATUSDT,VOLUME_FLOW,1791518279999,TIMEOUT,-0.008694,2.7718,1.8118,0.7518,18827.01
BATUSDT,VOLUME_FLOW,1791524099999,TARGET,0.047000,3.0189,2.4619,0.7909,24637.50
BATUSDT,VOLUME_FLOW,1791526259999,TIMEOUT,0.018142,2.5597,3.0440,0.5777,35071.92
BATUSDT,VOLUME_FLOW,1791538079999,TIMEOUT,-0.011750,2.8463,3.3113,0.7370,50755.91
BATUSDT,VOLUME_FLOW,1791547199999,STOP,-0.023000,6.1127,1.5478,0.7583,49750.08
BATUSDT,VOLUME_FLOW,1791555299999,TIMEOUT,0.028112,2.5761,2.2442,0.6379,18785.23
BATUSDT,VOLUME_FLOW,1791557699999,TARGET,0.047000,3.2371,3.6331,0.6370,23706.48
BATUSDT,VOLUME_FLOW,1791558599999,TARGET,0.047000,2.7238,2.2565,0.6282,26822.41
BATUSDT,VOLUME_FLOW,1791559619999,TARGET,0.047000,10.1140,10.0909,0.5950,130832.45
BATUSDT,VOLUME_FLOW,1791560579999,STOP,-0.023000,3.6188,3.7431,0.5978,109405.08
BATUSDT,VOLUME_FLOW,1791561479999,TARGET,0.047000,3.1404,4.4306,0.5859,136958.58
BATUSDT,VOLUME_FLOW,1791563399999,TARGET,0.047000,2.5053,2.6081,0.6636,196724.54
BATUSDT,VOLUME_FLOW,1791566459999,STOP,-0.023000,2.6675,1.9956,0.5701,365980.62
BATUSDT,VOLUME_FLOW,1791574919999,CENSORED,NaN,2.5487,2.3209,0.6210,163769.77
BATUSDT,VOLUME_TRADES,1791245039999,TIMEOUT,-0.013335,4.1799,4.9328,0.8148,6318.59
BATUSDT,VOLUME_TRADES,1791252539999,TIMEOUT,-0.013477,2.5294,1.8918,0.2089,7274.16
BATUSDT,VOLUME_TRADES,1791253919999,TIMEOUT,-0.004954,2.5159,2.2919,0.1425,4249.03
BATUSDT,VOLUME_TRADES,1791257099999,TIMEOUT,-0.003047,2.8140,2.2605,0.7487,4725.20
BATUSDT,VOLUME_TRADES,1791260939999,TIMEOUT,-0.000182,2.7444,2.8629,0.1404,3241.11
BATUSDT,VOLUME_TRADES,1791269279999,TIMEOUT,-0.007765,10.7366,7.3282,0.9390,8655.22
BATUSDT,VOLUME_TRADES,1791271079999,TIMEOUT,-0.005879,2.8940,1.8429,0.7264,3698.38
BATUSDT,VOLUME_TRADES,1791273659999,TIMEOUT,-0.011574,4.9297,2.6250,0.3180,6243.53
BATUSDT,VOLUME_TRADES,1791276479999,TIMEOUT,-0.005904,4.6333,3.6179,0.2252,7345.69
BATUSDT,VOLUME_TRADES,1791285119999,TIMEOUT,0.001683,2.7392,3.3274,0.7536,3242.43
BATUSDT,VOLUME_TRADES,1791286079999,TIMEOUT,-0.003999,2.7554,2.1534,0.2048,3688.67
BATUSDT,VOLUME_TRADES,1791288659999,TIMEOUT,-0.012473,2.8973,7.1027,0.7143,3136.35
BATUSDT,VOLUME_TRADES,1791289559999,TIMEOUT,-0.005887,21.8079,4.2919,0.8908,34007.40
BATUSDT,VOLUME_TRADES,1791290459999,TIMEOUT,-0.014405,2.8887,2.8777,0.9394,11211.33
BATUSDT,VOLUME_TRADES,1791298079999,TIMEOUT,-0.006912,3.4154,1.8333,0.0451,17634.14
BATUSDT,VOLUME_TRADES,1791298979999,TIMEOUT,-0.011751,3.9900,2.1593,0.9106,20987.34
BATUSDT,VOLUME_TRADES,1791301199999,TIMEOUT,0.010550,3.4668,1.8977,0.8615,18655.08
BATUSDT,VOLUME_TRADES,1791304559999,TIMEOUT,-0.013614,4.3255,1.9511,0.7059,39757.89
BATUSDT,VOLUME_TRADES,1791314699999,TIMEOUT,0.003977,3.1319,3.1464,0.6176,7285.03
BATUSDT,VOLUME_TRADES,1791315779999,TIMEOUT,0.001989,13.4720,2.8387,0.3013,36495.25
BATUSDT,VOLUME_TRADES,1791326999999,TIMEOUT,-0.003004,51.8500,2.8571,0.9889,9764.30
BATUSDT,VOLUME_TRADES,1791330599999,TIMEOUT,0.006935,5.8883,9.7500,0.0114,5113.14
BATUSDT,VOLUME_TRADES,1791332759999,TIMEOUT,-0.004982,2.5500,5.4857,0.7702,3498.63
BATUSDT,VOLUME_TRADES,1791333659999,TIMEOUT,-0.006949,8.0120,13.5692,0.0883,13880.22
BATUSDT,VOLUME_TRADES,1791335099999,STOP,-0.023000,2.6151,2.6919,0.5080,5357.47
BATUSDT,VOLUME_TRADES,1791338459999,TIMEOUT,-0.000987,4.5769,3.8827,0.1636,14583.92
BATUSDT,VOLUME_TRADES,1791340019999,TIMEOUT,-0.010017,4.9495,2.5359,0.1340,28986.40
BATUSDT,VOLUME_TRADES,1791347579999,TARGET,0.047000,3.7675,3.3139,0.1533,9700.93
BATUSDT,VOLUME_TRADES,1791349319999,TARGET,0.047000,4.2835,2.3061,0.8616,10157.01
BATUSDT,VOLUME_TRADES,1791350219999,TIMEOUT,-0.011596,18.9603,13.2296,0.4914,200170.00
BATUSDT,VOLUME_TRADES,1791351599999,STOP,-0.023000,2.6297,2.2770,0.4874,55254.51
BATUSDT,VOLUME_TRADES,1791360659999,STOP,-0.023000,2.6457,9.2263,0.5755,15099.97
BATUSDT,VOLUME_TRADES,1791361559999,STOP,-0.023000,3.6067,3.0437,0.4760,19677.89
BATUSDT,VOLUME_TRADES,1791374579999,TIMEOUT,-0.010011,3.3157,2.0667,0.9392,7291.32
BATUSDT,VOLUME_TRADES,1791379679999,TIMEOUT,-0.009029,2.5203,2.1310,0.7891,5137.18
BATUSDT,VOLUME_TRADES,1791380939999,TIMEOUT,0.002086,2.9539,4.2292,0.7299,6276.56
BATUSDT,VOLUME_TRADES,1791381839999,TIMEOUT,-0.012055,3.1916,3.2230,0.9127,7997.65
BATUSDT,VOLUME_TRADES,1791383219999,TIMEOUT,-0.014121,5.3313,2.9437,0.4602,12882.47
BATUSDT,VOLUME_TRADES,1791385319999,TIMEOUT,0.002056,3.8997,2.1120,0.5115,12031.58
BATUSDT,VOLUME_TRADES,1791388919999,TIMEOUT,0.000013,6.1864,2.3777,0.4194,20612.77
BATUSDT,VOLUME_TRADES,1791391019999,TIMEOUT,-0.002007,3.7176,2.3082,0.4131,13696.31
BATUSDT,VOLUME_TRADES,1791397319999,TIMEOUT,-0.010937,10.0434,12.0603,0.4662,20418.37
BATUSDT,VOLUME_TRADES,1791402779999,TIMEOUT,0.003945,3.3299,2.2265,0.3092,6742.50
BATUSDT,VOLUME_TRADES,1791406079999,TIMEOUT,-0.017778,5.2810,3.7091,0.6509,5940.94
BATUSDT,VOLUME_TRADES,1791407159999,TIMEOUT,-0.014847,3.5692,4.3417,0.4164,5007.26
BATUSDT,VOLUME_TRADES,1791414719999,TIMEOUT,0.010808,2.9491,2.9066,0.0481,3147.80
BATUSDT,VOLUME_TRADES,1791416399999,TIMEOUT,0.007742,3.3764,2.9174,0.7938,5191.30
BATUSDT,VOLUME_TRADES,1791417899999,TIMEOUT,0.011565,3.7386,3.1530,0.7202,8072.13
BATUSDT,VOLUME_TRADES,1791418799999,TIMEOUT,0.003760,5.9635,3.7307,0.6367,16158.89
BATUSDT,VOLUME_TRADES,1791421859999,STOP,-0.023000,4.7256,2.1711,0.8790,19117.49
BATUSDT,VOLUME_TRADES,1791425279999,TIMEOUT,-0.003042,2.7075,1.8841,0.8636,12398.02
BATUSDT,VOLUME_TRADES,1791428099999,TIMEOUT,-0.004950,8.4563,10.4137,0.5089,34364.39
BATUSDT,VOLUME_TRADES,1791430019999,TIMEOUT,-0.004950,2.8608,2.0223,0.3666,15994.18
BATUSDT,VOLUME_TRADES,1791432659999,STOP,-0.023000,2.5306,2.4395,0.8233,15196.68
BATUSDT,VOLUME_TRADES,1791433559999,TIMEOUT,0.000767,2.5032,3.1591,0.3320,17960.20
BATUSDT,VOLUME_TRADES,1791444359999,TIMEOUT,-0.015504,3.8446,2.7872,0.4073,12323.58
BATUSDT,VOLUME_TRADES,1791449159999,TIMEOUT,0.001866,2.7351,4.1001,0.3477,8487.23
BATUSDT,VOLUME_TRADES,1791451199999,TIMEOUT,0.003813,3.0770,2.8251,0.4495,9467.65
BATUSDT,VOLUME_TRADES,1791456719999,TIMEOUT,0.004859,6.0873,4.1143,0.3151,7653.15
BATUSDT,VOLUME_TRADES,1791458459999,TIMEOUT,0.001889,3.2116,1.8535,0.9239,5299.34
BATUSDT,VOLUME_TRADES,1791464219999,STOP,-0.023000,3.3185,2.1945,0.4089,6231.69
BATUSDT,VOLUME_TRADES,1791467039999,TIMEOUT,0.012750,21.5404,26.6152,0.5130,44591.18
BATUSDT,VOLUME_TRADES,1791469799999,STOP,-0.023174,3.6315,2.7622,0.7084,18088.27
BATUSDT,VOLUME_TRADES,1791472979999,STOP,-0.023000,3.3117,2.2300,0.6126,18422.44
BATUSDT,VOLUME_TRADES,1791473879999,TIMEOUT,0.010449,3.3205,2.0964,0.4332,27123.37
BATUSDT,VOLUME_TRADES,1791478859999,TIMEOUT,0.001220,2.7248,2.5674,0.2774,20924.88
BATUSDT,VOLUME_TRADES,1791486659999,TIMEOUT,-0.001964,2.9019,4.5609,0.7806,7617.62
BATUSDT,VOLUME_TRADES,1791488759999,TIMEOUT,0.000083,19.4712,13.3953,0.0479,40494.76
BATUSDT,VOLUME_TRADES,1791496859999,TIMEOUT,0.013947,2.9204,1.8028,0.0000,4559.04
BATUSDT,VOLUME_TRADES,1791498479999,TIMEOUT,0.013823,2.8938,1.8330,0.7585,3941.56
BATUSDT,VOLUME_TRADES,1791500699999,TIMEOUT,-0.010815,3.4961,1.8834,0.4820,7634.69
BATUSDT,VOLUME_TRADES,1791502199999,STOP,-0.024328,4.3424,3.0564,0.4680,10054.36
BATUSDT,VOLUME_TRADES,1791510839999,TIMEOUT,-0.006934,5.5291,3.1579,0.1071,9674.58
BATUSDT,VOLUME_TRADES,1791514979999,TARGET,0.047000,7.7457,7.4697,0.4350,10681.44
BATUSDT,VOLUME_TRADES,1791515999999,TIMEOUT,0.036579,2.5299,4.0498,0.5421,9109.38
BATUSDT,VOLUME_TRADES,1791518279999,TIMEOUT,-0.008694,2.7718,1.8118,0.7518,18827.01
BATUSDT,VOLUME_TRADES,1791524099999,TARGET,0.047000,3.0189,2.4619,0.7909,24637.50
BATUSDT,VOLUME_TRADES,1791525899999,TIMEOUT,0.020976,6.1222,3.7152,0.3015,68200.22
BATUSDT,VOLUME_TRADES,1791529379999,STOP,-0.023000,3.6531,2.9975,0.3603,66810.90
BATUSDT,VOLUME_TRADES,1791538079999,TIMEOUT,-0.011750,2.8463,3.3113,0.7370,50755.91
BATUSDT,VOLUME_TRADES,1791540659999,TIMEOUT,-0.014387,2.9101,2.2930,0.2746,43497.49
BATUSDT,VOLUME_TRADES,1791547259999,STOP,-0.023000,9.6742,3.5933,0.7188,78340.89
BATUSDT,VOLUME_TRADES,1791555299999,TIMEOUT,0.028112,2.5761,2.2442,0.6379,18785.23
BATUSDT,VOLUME_TRADES,1791557699999,TARGET,0.047000,3.2371,3.6331,0.6370,23706.48
BATUSDT,VOLUME_TRADES,1791558599999,TARGET,0.047000,2.7238,2.2565,0.6282,26822.41
BATUSDT,VOLUME_TRADES,1791559499999,TARGET,0.047000,8.0218,8.5638,0.4567,99370.83
BATUSDT,VOLUME_TRADES,1791560399999,TARGET,0.047000,4.1088,3.0617,0.5530,109547.52
BATUSDT,VOLUME_TRADES,1791561299999,STOP,-0.023000,3.7746,3.5025,0.5360,150699.47
BATUSDT,VOLUME_TRADES,1791562199999,TARGET,0.047000,4.0264,1.9727,0.6071,232470.03
BATUSDT,VOLUME_TRADES,1791563399999,TARGET,0.047000,2.5053,2.6081,0.6636,196724.54
BATUSDT,VOLUME_TRADES,1791566459999,STOP,-0.023000,2.6675,1.9956,0.5701,365980.62
BATUSDT,VOLUME_TRADES,1791574919999,CENSORED,NaN,2.5487,2.3209,0.6210,163769.77
BATUSDT,BREAKOUT,1791257099999,TIMEOUT,-0.003047,2.8140,2.2605,0.7487,4725.20
BATUSDT,BREAKOUT,1791263399999,TIMEOUT,0.000763,0.6373,0.5764,0.2794,762.39
BATUSDT,BREAKOUT,1791269339999,TIMEOUT,-0.011517,11.6160,8.0429,0.9397,9180.44
BATUSDT,BREAKOUT,1791270899999,TIMEOUT,-0.008685,2.2401,1.3774,0.7944,2890.54
BATUSDT,BREAKOUT,1791288659999,TIMEOUT,-0.012473,2.8973,7.1027,0.7143,3136.35
BATUSDT,BREAKOUT,1791303839999,TIMEOUT,-0.007879,1.8680,0.4623,0.1573,13987.11
BATUSDT,BREAKOUT,1791304799999,STOP,-0.023000,1.7884,0.7306,0.9379,18200.96
BATUSDT,BREAKOUT,1791317039999,TIMEOUT,-0.001017,0.3118,0.2670,0.7767,1307.08
BATUSDT,BREAKOUT,1791324059999,TIMEOUT,-0.006975,0.9580,0.3892,1.0000,646.09
BATUSDT,BREAKOUT,1791328319999,TIMEOUT,-0.001023,0.0460,0.5714,1.0000,42.90
BATUSDT,BREAKOUT,1791348899999,TARGET,0.047000,1.6725,3.7711,0.8717,3763.77
BATUSDT,BREAKOUT,1791357179999,TIMEOUT,0.001720,0.3272,0.4966,0.5281,6744.75
BATUSDT,BREAKOUT,1791359939999,STOP,-0.023000,1.2368,1.0511,0.6565,7231.89
BATUSDT,BREAKOUT,1791374579999,TIMEOUT,-0.010011,3.3157,2.0667,0.9392,7291.32
BATUSDT,BREAKOUT,1791378239999,TIMEOUT,-0.006005,2.2129,1.8487,0.7707,4323.71
BATUSDT,BREAKOUT,1791381659999,TIMEOUT,-0.002992,3.9791,3.3333,0.9696,9446.82
BATUSDT,BREAKOUT,1791388019999,TIMEOUT,0.015213,0.1174,0.3310,0.6028,386.79
BATUSDT,BREAKOUT,1791389159999,TIMEOUT,-0.011943,5.9245,5.0370,0.8497,20073.88
BATUSDT,BREAKOUT,1791395879999,TIMEOUT,-0.008959,0.0960,0.2834,0.3136,348.41
BATUSDT,BREAKOUT,1791401999999,TIMEOUT,-0.005975,1.2084,0.6372,0.8007,2569.80
BATUSDT,BREAKOUT,1791406079999,TIMEOUT,-0.017778,5.2810,3.7091,0.6509,5940.94
BATUSDT,BREAKOUT,1791411899999,TIMEOUT,0.007929,0.3656,0.3097,0.2706,560.23
BATUSDT,BREAKOUT,1791413519999,TIMEOUT,0.006914,2.1701,1.1009,0.5675,3145.45
BATUSDT,BREAKOUT,1791414479999,TIMEOUT,0.011795,0.4781,0.5470,0.3672,597.36
BATUSDT,BREAKOUT,1791416399999,TIMEOUT,0.007742,3.3764,2.9174,0.7938,5191.30
BATUSDT,BREAKOUT,1791420059999,TIMEOUT,-0.004963,1.4383,2.1386,0.6690,5257.66
BATUSDT,BREAKOUT,1791421799999,STOP,-0.023000,4.3702,1.6972,0.8702,17500.66
BATUSDT,BREAKOUT,1791428099999,TIMEOUT,-0.004950,8.4563,10.4137,0.5089,34364.39
BATUSDT,BREAKOUT,1791432419999,STOP,-0.023000,1.9024,0.5857,0.4688,11157.92
BATUSDT,BREAKOUT,1791437519999,TIMEOUT,-0.018176,0.2814,0.3542,0.8691,2253.48
BATUSDT,BREAKOUT,1791447719999,TIMEOUT,-0.011758,0.1635,0.3161,1.0000,571.43
BATUSDT,BREAKOUT,1791450179999,TIMEOUT,-0.007860,0.4733,0.2709,0.9663,1600.12
BATUSDT,BREAKOUT,1791458519999,TIMEOUT,0.000903,3.7072,2.7089,0.9341,6117.19
BATUSDT,BREAKOUT,1791462239999,TIMEOUT,0.006701,1.5740,1.3284,0.8968,2829.77
BATUSDT,BREAKOUT,1791463859999,STOP,-0.023000,2.0337,2.0702,0.3715,4048.57
BATUSDT,BREAKOUT,1791469199999,STOP,-0.023000,0.5755,0.4077,0.6338,2865.25
BATUSDT,BREAKOUT,1791476339999,STOP,-0.023000,0.6568,0.6038,0.8270,5237.24
BATUSDT,BREAKOUT,1791481199999,TIMEOUT,0.003240,0.8833,0.7277,0.7613,5595.08
BATUSDT,BREAKOUT,1791483659999,TIMEOUT,0.010449,0.2662,0.2257,0.3102,1096.84
BATUSDT,BREAKOUT,1791484739999,TIMEOUT,0.011402,0.9748,0.7934,0.9148,3841.16
BATUSDT,BREAKOUT,1791486479999,TIMEOUT,0.005213,1.5764,1.5248,0.9292,4231.27
BATUSDT,BREAKOUT,1791487439999,TIMEOUT,-0.007039,0.5924,0.4655,0.7372,1581.02
BATUSDT,BREAKOUT,1791488399999,STOP,-0.023000,0.4476,0.4192,0.7883,1007.76
BATUSDT,BREAKOUT,1791493199999,TIMEOUT,0.015232,0.2275,0.1969,0.3009,775.73
BATUSDT,BREAKOUT,1791494159999,TIMEOUT,0.006072,1.3695,1.2602,0.7906,4267.68
BATUSDT,BREAKOUT,1791495419999,TIMEOUT,0.008975,0.2980,0.4615,0.2341,993.55
BATUSDT,BREAKOUT,1791499199999,TIMEOUT,0.009726,0.9318,0.5978,0.5840,1712.25
BATUSDT,BREAKOUT,1791500639999,TIMEOUT,-0.009847,3.3620,1.7542,0.4923,7361.70
BATUSDT,BREAKOUT,1791501779999,TIMEOUT,-0.020487,0.6712,0.5019,0.3541,1667.66
BATUSDT,BREAKOUT,1791507779999,TIMEOUT,-0.003999,0.4502,0.2740,0.6445,1259.85
BATUSDT,BREAKOUT,1791515339999,TARGET,0.047000,14.6741,14.9864,0.6950,25961.96
BATUSDT,BREAKOUT,1791518519999,STOP,-0.023000,2.4291,1.6914,0.6802,17011.59
BATUSDT,BREAKOUT,1791523379999,TARGET,0.047000,1.7264,1.0720,0.6913,16212.80
BATUSDT,BREAKOUT,1791524399999,TARGET,0.047000,1.3685,1.3935,0.8447,12289.77
BATUSDT,BREAKOUT,1791525359999,TIMEOUT,0.032295,1.5924,1.7774,0.6425,17426.74
BATUSDT,BREAKOUT,1791529679999,STOP,-0.023000,4.5248,4.4713,0.2888,94147.93
BATUSDT,BREAKOUT,1791537359999,TIMEOUT,0.004696,0.6825,0.8528,0.6395,12643.79
BATUSDT,BREAKOUT,1791540659999,TIMEOUT,-0.014387,2.9101,2.2930,0.2746,43497.49
BATUSDT,BREAKOUT,1791552179999,TIMEOUT,-0.003109,0.4493,0.4828,0.7841,6382.55
BATUSDT,BREAKOUT,1791554879999,TIMEOUT,0.016443,0.7454,0.8933,0.5409,7020.33
BATUSDT,BREAKOUT,1791556379999,TARGET,0.047000,1.1276,0.8740,0.2450,8073.03
BATUSDT,BREAKOUT,1791559499999,TARGET,0.047000,8.0218,8.5638,0.4567,99370.83
BATUSDT,BREAKOUT,1791560519999,STOP,-0.023000,3.6760,3.3568,0.5470,107208.32
BATUSDT,BREAKOUT,1791564179999,STOP,-0.023000,1.7706,1.6633,0.5697,180640.35
BATUSDT,BREAKOUT,1791566279999,STOP,-0.023000,0.9060,0.8447,0.5841,122903.54
BATUSDT,BREAKOUT,1791573359999,CENSORED,NaN,0.5278,0.4163,0.8260,44615.65
BATUSDT,BREAKOUT,1791574379999,CENSORED,NaN,1.4145,1.1414,0.7150,94280.97
BATUSDT,FULL_WATCH,1791245099999,TIMEOUT,-0.014260,16.7820,10.9049,0.6892,25480.80
BATUSDT,FULL_WATCH,1791304559999,TIMEOUT,-0.013614,4.3255,1.9511,0.7059,39757.89
BATUSDT,FULL_WATCH,1791515339999,TARGET,0.047000,14.6741,14.9864,0.6950,25961.96
BATUSDT,FULL_WATCH,1791524219999,TARGET,0.047000,3.4565,2.9326,0.7944,27837.80
BATUSDT,FULL_WATCH,1791559799999,TARGET,0.047000,5.7824,5.6565,0.6538,93368.73
BATUSDT,FULL_WATCH,1791560999999,STOP,-0.023000,2.5794,2.6817,0.5513,94196.67
BATUSDT,FULL_WATCH,1791561899999,TARGET,0.047000,3.1334,2.3612,0.7202,160717.35
BATUSDT,FULL_WATCH,1791563639999,TARGET,0.047000,3.1091,3.3618,0.5717,265249.17
ZKUSDT,VOLUME,1791246539999,TIMEOUT,-0.012524,11.1440,2.6667,0.2610,17914.83
ZKUSDT,VOLUME,1791247499999,TIMEOUT,-0.009462,3.3013,0.9600,0.1530,7456.19
ZKUSDT,VOLUME,1791249599999,TIMEOUT,-0.009497,2.5765,6.7089,0.2270,5995.01
ZKUSDT,VOLUME,1791252239999,TIMEOUT,-0.011090,2.7601,1.7407,0.1021,6738.00
ZKUSDT,VOLUME,1791253139999,TIMEOUT,-0.009527,3.6624,3.6069,0.1050,9736.79
ZKUSDT,VOLUME,1791256199999,TIMEOUT,-0.007181,2.6632,0.8077,0.3855,5871.38
ZKUSDT,VOLUME,1791257579999,TIMEOUT,0.001609,3.4290,3.2420,0.0196,7411.53
ZKUSDT,VOLUME,1791260279999,TIMEOUT,-0.005592,2.6106,0.6689,0.5197,7372.22
ZKUSDT,VOLUME,1791261419999,TIMEOUT,-0.001613,6.5973,3.8857,0.8365,18437.06
ZKUSDT,VOLUME,1791262559999,TIMEOUT,-0.000807,2.6408,3.7720,0.7479,9808.43
ZKUSDT,VOLUME,1791263999999,TIMEOUT,-0.002406,2.7877,3.8779,0.5457,11305.45
ZKUSDT,VOLUME,1791267479999,TIMEOUT,0.012771,2.8861,1.8040,0.8925,9477.04
ZKUSDT,VOLUME,1791277259999,TIMEOUT,-0.005554,2.9964,1.0260,0.7892,9878.66
ZKUSDT,VOLUME,1791278159999,TIMEOUT,0.000677,6.2834,4.1206,0.2456,17462.00
ZKUSDT,VOLUME,1791279059999,TIMEOUT,0.010911,4.5962,3.9017,0.4847,16074.32
ZKUSDT,VOLUME,1791280739999,TIMEOUT,0.008469,2.5029,2.1695,0.2562,8281.16
ZKUSDT,VOLUME,1791284399999,TIMEOUT,0.013689,2.7421,1.6423,0.9488,11092.20
ZKUSDT,VOLUME,1791285599999,TIMEOUT,0.012102,2.9910,2.2768,0.1259,11246.97
ZKUSDT,VOLUME,1791286559999,TIMEOUT,0.005915,2.5252,2.1511,0.8417,7947.81
ZKUSDT,VOLUME,1791291059999,TIMEOUT,-0.016914,3.7862,1.5510,0.4848,26067.83
ZKUSDT,VOLUME,1791291959999,TIMEOUT,-0.013974,2.5126,1.7985,0.3012,23377.33
ZKUSDT,VOLUME,1791297479999,TIMEOUT,0.022209,3.0845,2.7374,0.6991,35888.51
ZKUSDT,VOLUME,1791298379999,TIMEOUT,0.014234,2.5106,2.5914,0.7744,31636.43
ZKUSDT,VOLUME,1791301979999,STOP,-0.023000,4.3636,1.9949,0.9033,65475.13
ZKUSDT,VOLUME,1791303359999,TIMEOUT,0.002097,2.8266,1.4254,0.0941,53778.45
ZKUSDT,VOLUME,1791305459999,TIMEOUT,-0.006252,2.8932,1.7900,0.9311,55738.14
ZKUSDT,VOLUME,1791314819999,TIMEOUT,-0.003999,2.5389,2.4262,0.0233,13413.56
ZKUSDT,VOLUME,1791321959999,TIMEOUT,-0.002450,2.9609,0.4095,0.9875,10441.97
ZKUSDT,VOLUME,1791329459999,TIMEOUT,-0.010151,5.3190,2.1935,0.9187,8462.92
ZKUSDT,VOLUME,1791331319999,TIMEOUT,-0.006312,3.6458,6.1417,0.9385,4843.08
ZKUSDT,VOLUME,1791333359999,TIMEOUT,-0.014766,2.5613,2.6536,0.7087,4183.91
ZKUSDT,VOLUME,1791335519999,STOP,-0.023000,2.9820,3.5523,0.9554,6254.97
ZKUSDT,VOLUME,1791337919999,STOP,-0.023000,2.9828,0.8975,0.0049,7561.91
ZKUSDT,VOLUME,1791338819999,TIMEOUT,0.003395,4.8240,7.1858,0.5394,51677.61
ZKUSDT,VOLUME,1791347759999,TIMEOUT,-0.009812,2.9937,2.1316,0.3375,15482.61
ZKUSDT,VOLUME,1791350279999,TIMEOUT,-0.005664,3.3791,1.0574,0.0255,11930.02
ZKUSDT,VOLUME,1791353099999,TIMEOUT,-0.003999,2.6121,2.1987,0.3747,12163.76
ZKUSDT,VOLUME,1791355019999,TIMEOUT,-0.008977,3.3623,1.9889,0.6273,16260.89
ZKUSDT,VOLUME,1791358319999,TIMEOUT,-0.009836,2.5885,1.9495,0.6055,14765.57
ZKUSDT,VOLUME,1791360059999,TIMEOUT,-0.005675,4.9380,2.7402,0.1321,34640.79
ZKUSDT,VOLUME,1791362339999,TIMEOUT,-0.014022,2.8580,1.8997,0.3561,22516.39
ZKUSDT,VOLUME,1791363959999,TIMEOUT,-0.006509,2.5647,1.1214,0.6196,18939.45
ZKUSDT,VOLUME,1791367559999,TIMEOUT,0.009433,2.6416,1.7284,0.5063,16455.80
ZKUSDT,VOLUME,1791372179999,TIMEOUT,0.006024,2.8294,1.9946,0.2674,31289.89
ZKUSDT,VOLUME,1791375359999,TIMEOUT,-0.018011,2.7299,0.2761,0.8052,32741.76
ZKUSDT,VOLUME,1791380339999,TIMEOUT,-0.007377,2.5114,2.8005,0.2025,17425.26
ZKUSDT,VOLUME,1791381239999,TIMEOUT,-0.020691,4.1510,4.3400,0.4890,32512.12
ZKUSDT,VOLUME,1791382979999,TIMEOUT,-0.006528,3.3914,1.6222,0.1214,25573.42
ZKUSDT,VOLUME,1791384299999,TIMEOUT,0.008722,3.9500,1.8645,0.1424,31557.93
ZKUSDT,VOLUME,1791394079999,TIMEOUT,0.000220,2.5183,2.8383,0.4829,9826.08
ZKUSDT,VOLUME,1791395099999,TIMEOUT,-0.000607,4.7032,3.0269,0.4609,13229.54
ZKUSDT,VOLUME,1791404099999,TIMEOUT,0.001034,9.7198,10.5734,0.4054,17120.65
ZKUSDT,VOLUME,1791409979999,TIMEOUT,-0.001478,3.8297,0.4258,0.1705,6519.35
ZKUSDT,VOLUME,1791411479999,TIMEOUT,0.000195,7.3743,3.3068,0.1058,15110.05
ZKUSDT,VOLUME,1791415079999,TIMEOUT,0.005197,4.2910,1.7885,0.6935,9203.24
ZKUSDT,VOLUME,1791416159999,TIMEOUT,0.006016,2.5877,1.2967,0.4544,6630.30
ZKUSDT,VOLUME,1791418679999,TIMEOUT,0.002628,3.8376,4.6339,0.1374,10182.93
ZKUSDT,VOLUME,1791421619999,TIMEOUT,-0.020443,3.2495,1.5431,0.8665,9196.32
ZKUSDT,VOLUME,1791422519999,TIMEOUT,-0.008982,2.5260,1.2168,0.0087,8251.73
ZKUSDT,VOLUME,1791427139999,TIMEOUT,-0.018116,4.2221,1.5014,0.4635,10415.05
ZKUSDT,VOLUME,1791429479999,TIMEOUT,-0.009895,3.9638,1.3815,0.1977,14199.02
ZKUSDT,VOLUME,1791433259999,TIMEOUT,0.014802,13.7119,9.5428,0.4281,61016.08
ZKUSDT,VOLUME,1791442499999,TIMEOUT,-0.009875,3.5903,1.9770,0.5645,10282.21
ZKUSDT,VOLUME,1791444839999,TIMEOUT,-0.013195,4.2794,1.7824,0.5348,16293.85
ZKUSDT,VOLUME,1791445739999,TIMEOUT,0.000216,2.7706,2.1902,0.2068,11117.49
ZKUSDT,VOLUME,1791447179999,TIMEOUT,-0.000630,2.6562,3.5773,0.7349,11656.29
ZKUSDT,VOLUME,1791451019999,TIMEOUT,0.009478,2.5586,1.4257,0.1564,13192.31
ZKUSDT,VOLUME,1791453419999,TIMEOUT,-0.013141,6.3443,3.3508,0.4661,33875.00
ZKUSDT,VOLUME,1791454919999,STOP,-0.023000,3.0036,1.5232,0.6205,17266.08
ZKUSDT,VOLUME,1791457499999,TIMEOUT,0.009478,2.5876,2.0691,0.2978,20266.77
ZKUSDT,VOLUME,1791459179999,TIMEOUT,-0.015520,3.9925,3.6979,0.8810,30664.61
ZKUSDT,VOLUME,1791465719999,STOP,-0.023000,3.0094,1.0422,0.1623,39308.92
ZKUSDT,VOLUME,1791470399999,STOP,-0.023000,4.0854,1.6090,0.0976,67190.62
ZKUSDT,VOLUME,1791472859999,STOP,-0.023000,3.5927,4.0572,0.2845,67323.95
ZKUSDT,VOLUME,1791473759999,TIMEOUT,-0.010254,2.7628,2.6265,0.4731,73217.96
ZKUSDT,VOLUME,1791483839999,TIMEOUT,0.008635,2.6091,1.8622,0.5885,34234.35
ZKUSDT,VOLUME,1791493499999,TIMEOUT,0.009123,2.7845,0.8425,0.1386,14257.49
ZKUSDT,VOLUME,1791495539999,TIMEOUT,-0.005726,3.1832,2.4271,0.9901,17867.12
ZKUSDT,VOLUME,1791500579999,TIMEOUT,-0.010967,3.3030,1.2698,0.1820,17151.00
ZKUSDT,VOLUME,1791505319999,TIMEOUT,0.000410,6.4672,1.7270,0.1150,19137.45
ZKUSDT,VOLUME,1791507959999,TIMEOUT,0.010911,2.7060,2.3875,0.8599,10885.80
ZKUSDT,VOLUME,1791509219999,TIMEOUT,-0.003999,5.2654,2.5595,0.9582,20984.67
ZKUSDT,VOLUME,1791511379999,TIMEOUT,-0.001411,3.2965,2.5704,0.7750,17058.34
ZKUSDT,VOLUME,1791516239999,TIMEOUT,0.005417,3.3958,2.0553,0.6731,16575.47
ZKUSDT,VOLUME,1791518459999,TIMEOUT,0.007874,3.1768,2.0729,0.7616,14848.42
ZKUSDT,VOLUME,1791520259999,TIMEOUT,0.010393,3.0095,2.4755,0.8657,14363.20
ZKUSDT,VOLUME,1791521279999,TIMEOUT,-0.001483,3.4246,3.0934,0.6375,18280.27
ZKUSDT,VOLUME,1791522419999,TIMEOUT,-0.012296,2.8233,2.0790,0.8045,18892.94
ZKUSDT,VOLUME,1791523319999,TIMEOUT,-0.012310,3.6462,1.6797,0.5447,26971.33
ZKUSDT,VOLUME,1791527519999,TIMEOUT,-0.003999,4.8025,2.3857,0.7448,35933.77
ZKUSDT,VOLUME,1791531599999,TIMEOUT,0.015686,3.1920,2.1625,0.4902,23977.41
ZKUSDT,VOLUME,1791534659999,TIMEOUT,0.018891,3.5681,2.0509,0.8053,37133.25
ZKUSDT,VOLUME,1791535559999,TIMEOUT,-0.000812,7.2768,16.0652,0.6942,102488.43
ZKUSDT,VOLUME,1791536459999,STOP,-0.023000,3.2281,2.8082,0.6885,83740.58
ZKUSDT,VOLUME,1791541499999,STOP,-0.023000,2.9229,1.3543,0.5419,125268.77
ZKUSDT,VOLUME,1791545699999,TIMEOUT,-0.010081,2.5988,1.6480,0.8822,70911.74
ZKUSDT,VOLUME,1791548339999,STOP,-0.023000,4.9721,4.3922,0.7563,187348.75
ZKUSDT,VOLUME,1791549299999,TIMEOUT,-0.004763,2.6106,2.7625,0.2526,144538.64
ZKUSDT,VOLUME,1791556199999,TIMEOUT,-0.009915,2.6094,1.3095,0.6432,114471.77
ZKUSDT,VOLUME,1791561119999,TARGET,0.047000,2.8379,3.4130,0.7041,124178.95
ZKUSDT,VOLUME,1791562019999,TIMEOUT,0.009491,5.9976,5.6732,0.7070,331388.48
ZKUSDT,VOLUME,1791562919999,STOP,-0.023000,5.8479,6.1767,0.5514,529851.36
ZKUSDT,VOLUME,1791563819999,STOP,-0.023000,2.8388,1.7109,0.4067,355380.48
ZKUSDT,VOLUME_FLOW,1791261419999,TIMEOUT,-0.001613,6.5973,3.8857,0.8365,18437.06
ZKUSDT,VOLUME_FLOW,1791262559999,TIMEOUT,-0.000807,2.6408,3.7720,0.7479,9808.43
ZKUSDT,VOLUME_FLOW,1791267479999,TIMEOUT,0.012771,2.8861,1.8040,0.8925,9477.04
ZKUSDT,VOLUME_FLOW,1791277259999,TIMEOUT,-0.005554,2.9964,1.0260,0.7892,9878.66
ZKUSDT,VOLUME_FLOW,1791284399999,TIMEOUT,0.013689,2.7421,1.6423,0.9488,11092.20
ZKUSDT,VOLUME_FLOW,1791286559999,TIMEOUT,0.005915,2.5252,2.1511,0.8417,7947.81
ZKUSDT,VOLUME_FLOW,1791291119999,TIMEOUT,-0.017674,3.4112,1.5069,0.5993,24258.37
ZKUSDT,VOLUME_FLOW,1791297479999,TIMEOUT,0.022209,3.0845,2.7374,0.6991,35888.51
ZKUSDT,VOLUME_FLOW,1791298379999,TIMEOUT,0.014234,2.5106,2.5914,0.7744,31636.43
ZKUSDT,VOLUME_FLOW,1791301979999,STOP,-0.023000,4.3636,1.9949,0.9033,65475.13
ZKUSDT,VOLUME_FLOW,1791305459999,TIMEOUT,-0.006252,2.8932,1.7900,0.9311,55738.14
ZKUSDT,VOLUME_FLOW,1791321959999,TIMEOUT,-0.002450,2.9609,0.4095,0.9875,10441.97
ZKUSDT,VOLUME_FLOW,1791329459999,TIMEOUT,-0.010151,5.3190,2.1935,0.9187,8462.92
ZKUSDT,VOLUME_FLOW,1791331319999,TIMEOUT,-0.006312,3.6458,6.1417,0.9385,4843.08
ZKUSDT,VOLUME_FLOW,1791333359999,TIMEOUT,-0.014766,2.5613,2.6536,0.7087,4183.91
ZKUSDT,VOLUME_FLOW,1791335519999,STOP,-0.023000,2.9820,3.5523,0.9554,6254.97
ZKUSDT,VOLUME_FLOW,1791350579999,TIMEOUT,-0.004833,3.8712,5.3600,0.7961,14859.34
ZKUSDT,VOLUME_FLOW,1791355019999,TIMEOUT,-0.008977,3.3623,1.9889,0.6273,16260.89
ZKUSDT,VOLUME_FLOW,1791358319999,TIMEOUT,-0.009836,2.5885,1.9495,0.6055,14765.57
ZKUSDT,VOLUME_FLOW,1791363959999,TIMEOUT,-0.006509,2.5647,1.1214,0.6196,18939.45
ZKUSDT,VOLUME_FLOW,1791375359999,TIMEOUT,-0.018011,2.7299,0.2761,0.8052,32741.76
ZKUSDT,VOLUME_FLOW,1791381059999,TIMEOUT,-0.016570,3.5682,4.3664,0.5959,26225.33
ZKUSDT,VOLUME_FLOW,1791384599999,TIMEOUT,0.010430,2.6581,3.6718,0.7373,24204.12
ZKUSDT,VOLUME_FLOW,1791415079999,TIMEOUT,0.005197,4.2910,1.7885,0.6935,9203.24
ZKUSDT,VOLUME_FLOW,1791421619999,TIMEOUT,-0.020443,3.2495,1.5431,0.8665,9196.32
ZKUSDT,VOLUME_FLOW,1791442499999,TIMEOUT,-0.009875,3.5903,1.9770,0.5645,10282.21
ZKUSDT,VOLUME_FLOW,1791447179999,TIMEOUT,-0.000630,2.6562,3.5773,0.7349,11656.29
ZKUSDT,VOLUME_FLOW,1791454919999,STOP,-0.023000,3.0036,1.5232,0.6205,17266.08
ZKUSDT,VOLUME_FLOW,1791459179999,TIMEOUT,-0.015520,3.9925,3.6979,0.8810,30664.61
ZKUSDT,VOLUME_FLOW,1791473039999,STOP,-0.023000,10.3028,8.6917,0.5807,200794.69
ZKUSDT,VOLUME_FLOW,1791483839999,TIMEOUT,0.008635,2.6091,1.8622,0.5885,34234.35
ZKUSDT,VOLUME_FLOW,1791493619999,TIMEOUT,0.006489,3.6429,1.4045,0.6658,19372.55
ZKUSDT,VOLUME_FLOW,1791495539999,TIMEOUT,-0.005726,3.1832,2.4271,0.9901,17867.12
ZKUSDT,VOLUME_FLOW,1791507959999,TIMEOUT,0.010911,2.7060,2.3875,0.8599,10885.80
ZKUSDT,VOLUME_FLOW,1791509219999,TIMEOUT,-0.003999,5.2654,2.5595,0.9582,20984.67
ZKUSDT,VOLUME_FLOW,1791511379999,TIMEOUT,-0.001411,3.2965,2.5704,0.7750,17058.34
ZKUSDT,VOLUME_FLOW,1791516239999,TIMEOUT,0.005417,3.3958,2.0553,0.6731,16575.47
ZKUSDT,VOLUME_FLOW,1791518459999,TIMEOUT,0.007874,3.1768,2.0729,0.7616,14848.42
ZKUSDT,VOLUME_FLOW,1791520259999,TIMEOUT,0.010393,3.0095,2.4755,0.8657,14363.20
ZKUSDT,VOLUME_FLOW,1791521279999,TIMEOUT,-0.001483,3.4246,3.0934,0.6375,18280.27
ZKUSDT,VOLUME_FLOW,1791522419999,TIMEOUT,-0.012296,2.8233,2.0790,0.8045,18892.94
ZKUSDT,VOLUME_FLOW,1791527519999,TIMEOUT,-0.003999,4.8025,2.3857,0.7448,35933.77
ZKUSDT,VOLUME_FLOW,1791534659999,TIMEOUT,0.018891,3.5681,2.0509,0.8053,37133.25
ZKUSDT,VOLUME_FLOW,1791535559999,TIMEOUT,-0.000812,7.2768,16.0652,0.6942,102488.43
ZKUSDT,VOLUME_FLOW,1791536459999,STOP,-0.023000,3.2281,2.8082,0.6885,83740.58
ZKUSDT,VOLUME_FLOW,1791545699999,TIMEOUT,-0.010081,2.5988,1.6480,0.8822,70911.74
ZKUSDT,VOLUME_FLOW,1791548339999,STOP,-0.023000,4.9721,4.3922,0.7563,187348.75
ZKUSDT,VOLUME_FLOW,1791556199999,TIMEOUT,-0.009915,2.6094,1.3095,0.6432,114471.77
ZKUSDT,VOLUME_FLOW,1791561119999,TARGET,0.047000,2.8379,3.4130,0.7041,124178.95
ZKUSDT,VOLUME_FLOW,1791562019999,TIMEOUT,0.009491,5.9976,5.6732,0.7070,331388.48
ZKUSDT,VOLUME_FLOW,1791562919999,STOP,-0.023000,5.8479,6.1767,0.5514,529851.36
ZKUSDT,VOLUME_TRADES,1791246539999,TIMEOUT,-0.012524,11.1440,2.6667,0.2610,17914.83
ZKUSDT,VOLUME_TRADES,1791249599999,TIMEOUT,-0.009497,2.5765,6.7089,0.2270,5995.01
ZKUSDT,VOLUME_TRADES,1791252299999,TIMEOUT,-0.008737,2.8148,2.0177,0.1192,6868.77
ZKUSDT,VOLUME_TRADES,1791253199999,TIMEOUT,-0.009527,3.6252,3.4876,0.1075,9652.12
ZKUSDT,VOLUME_TRADES,1791257579999,TIMEOUT,0.001609,3.4290,3.2420,0.0196,7411.53
ZKUSDT,VOLUME_TRADES,1791261419999,TIMEOUT,-0.001613,6.5973,3.8857,0.8365,18437.06
ZKUSDT,VOLUME_TRADES,1791262559999,TIMEOUT,-0.000807,2.6408,3.7720,0.7479,9808.43
ZKUSDT,VOLUME_TRADES,1791263999999,TIMEOUT,-0.002406,2.7877,3.8779,0.5457,11305.45
ZKUSDT,VOLUME_TRADES,1791267479999,TIMEOUT,0.012771,2.8861,1.8040,0.8925,9477.04
ZKUSDT,VOLUME_TRADES,1791277919999,TIMEOUT,-0.001659,3.8557,2.6897,0.1059,12410.13
ZKUSDT,VOLUME_TRADES,1791278879999,TIMEOUT,0.010149,4.7852,3.9763,0.4609,15576.05
ZKUSDT,VOLUME_TRADES,1791280739999,TIMEOUT,0.008469,2.5029,2.1695,0.2562,8281.16
ZKUSDT,VOLUME_TRADES,1791285599999,TIMEOUT,0.012102,2.9910,2.2768,0.1259,11246.97
ZKUSDT,VOLUME_TRADES,1791286559999,TIMEOUT,0.005915,2.5252,2.1511,0.8417,7947.81
ZKUSDT,VOLUME_TRADES,1791291899999,TIMEOUT,-0.014733,2.7635,1.9135,0.2664,25431.16
ZKUSDT,VOLUME_TRADES,1791297479999,TIMEOUT,0.022209,3.0845,2.7374,0.6991,35888.51
ZKUSDT,VOLUME_TRADES,1791298379999,TIMEOUT,0.014234,2.5106,2.5914,0.7744,31636.43
ZKUSDT,VOLUME_TRADES,1791301979999,STOP,-0.023000,4.3636,1.9949,0.9033,65475.13
ZKUSDT,VOLUME_TRADES,1791305639999,TIMEOUT,-0.002492,2.9612,1.8333,0.9272,56375.33
ZKUSDT,VOLUME_TRADES,1791314819999,TIMEOUT,-0.003999,2.5389,2.4262,0.0233,13413.56
ZKUSDT,VOLUME_TRADES,1791322379999,TIMEOUT,-0.003228,3.1072,2.2232,0.9926,10520.66
ZKUSDT,VOLUME_TRADES,1791329459999,TIMEOUT,-0.010151,5.3190,2.1935,0.9187,8462.92
ZKUSDT,VOLUME_TRADES,1791331319999,TIMEOUT,-0.006312,3.6458,6.1417,0.9385,4843.08
ZKUSDT,VOLUME_TRADES,1791333359999,TIMEOUT,-0.014766,2.5613,2.6536,0.7087,4183.91
ZKUSDT,VOLUME_TRADES,1791335519999,STOP,-0.023000,2.9820,3.5523,0.9554,6254.97
ZKUSDT,VOLUME_TRADES,1791338159999,STOP,-0.023000,5.9421,3.3534,0.0594,15080.19
ZKUSDT,VOLUME_TRADES,1791347759999,TIMEOUT,-0.009812,2.9937,2.1316,0.3375,15482.61
ZKUSDT,VOLUME_TRADES,1791350339999,TIMEOUT,-0.000649,6.4090,4.4787,0.3637,22525.70
ZKUSDT,VOLUME_TRADES,1791353099999,TIMEOUT,-0.003999,2.6121,2.1987,0.3747,12163.76
ZKUSDT,VOLUME_TRADES,1791355019999,TIMEOUT,-0.008977,3.3623,1.9889,0.6273,16260.89
ZKUSDT,VOLUME_TRADES,1791358319999,TIMEOUT,-0.009836,2.5885,1.9495,0.6055,14765.57
ZKUSDT,VOLUME_TRADES,1791360059999,TIMEOUT,-0.005675,4.9380,2.7402,0.1321,34640.79
ZKUSDT,VOLUME_TRADES,1791362339999,TIMEOUT,-0.014022,2.8580,1.8997,0.3561,22516.39
ZKUSDT,VOLUME_TRADES,1791367679999,TIMEOUT,0.011992,3.9051,3.7391,0.3648,25346.69
ZKUSDT,VOLUME_TRADES,1791372179999,TIMEOUT,0.006024,2.8294,1.9946,0.2674,31289.89
ZKUSDT,VOLUME_TRADES,1791380339999,TIMEOUT,-0.007377,2.5114,2.8005,0.2025,17425.26
ZKUSDT,VOLUME_TRADES,1791381239999,TIMEOUT,-0.020691,4.1510,4.3400,0.4890,32512.12
ZKUSDT,VOLUME_TRADES,1791383159999,TIMEOUT,-0.004843,3.2142,1.9144,0.0407,23614.35
ZKUSDT,VOLUME_TRADES,1791384299999,TIMEOUT,0.008722,3.9500,1.8645,0.1424,31557.93
ZKUSDT,VOLUME_TRADES,1791394079999,TIMEOUT,0.000220,2.5183,2.8383,0.4829,9826.08
ZKUSDT,VOLUME_TRADES,1791395099999,TIMEOUT,-0.000607,4.7032,3.0269,0.4609,13229.54
ZKUSDT,VOLUME_TRADES,1791404099999,TIMEOUT,0.001034,9.7198,10.5734,0.4054,17120.65
ZKUSDT,VOLUME_TRADES,1791411479999,TIMEOUT,0.000195,7.3743,3.3068,0.1058,15110.05
ZKUSDT,VOLUME_TRADES,1791415139999,TIMEOUT,0.007705,4.3020,1.8237,0.6926,9215.50
ZKUSDT,VOLUME_TRADES,1791416279999,TIMEOUT,0.005189,3.1012,1.8584,0.4311,7991.99
ZKUSDT,VOLUME_TRADES,1791418679999,TIMEOUT,0.002628,3.8376,4.6339,0.1374,10182.93
ZKUSDT,VOLUME_TRADES,1791421679999,TIMEOUT,-0.021251,4.0734,2.2162,0.8081,11568.28
ZKUSDT,VOLUME_TRADES,1791427319999,TIMEOUT,-0.018116,5.3000,1.9078,0.3789,12680.86
ZKUSDT,VOLUME_TRADES,1791429599999,TIMEOUT,-0.009905,5.3633,2.4167,0.1360,18942.94
ZKUSDT,VOLUME_TRADES,1791433259999,TIMEOUT,0.014802,13.7119,9.5428,0.4281,61016.08
ZKUSDT,VOLUME_TRADES,1791442499999,TIMEOUT,-0.009875,3.5903,1.9770,0.5645,10282.21
ZKUSDT,VOLUME_TRADES,1791445019999,TIMEOUT,-0.014022,4.1712,1.8296,0.5074,15990.07
ZKUSDT,VOLUME_TRADES,1791447179999,TIMEOUT,-0.000630,2.6562,3.5773,0.7349,11656.29
ZKUSDT,VOLUME_TRADES,1791451139999,TIMEOUT,0.009501,3.4565,1.8133,0.1850,17500.14
ZKUSDT,VOLUME_TRADES,1791453419999,TIMEOUT,-0.013141,6.3443,3.3508,0.4661,33875.00
ZKUSDT,VOLUME_TRADES,1791455159999,TIMEOUT,-0.010681,4.5947,1.9222,0.4309,26545.93
ZKUSDT,VOLUME_TRADES,1791457499999,TIMEOUT,0.009478,2.5876,2.0691,0.2978,20266.77
ZKUSDT,VOLUME_TRADES,1791459179999,TIMEOUT,-0.015520,3.9925,3.6979,0.8810,30664.61
ZKUSDT,VOLUME_TRADES,1791465839999,TIMEOUT,0.011832,6.8656,3.0774,0.0967,89825.62
ZKUSDT,VOLUME_TRADES,1791472859999,STOP,-0.023000,3.5927,4.0572,0.2845,67323.95
ZKUSDT,VOLUME_TRADES,1791473759999,TIMEOUT,-0.010254,2.7628,2.6265,0.4731,73217.96
ZKUSDT,VOLUME_TRADES,1791483839999,TIMEOUT,0.008635,2.6091,1.8622,0.5885,34234.35
ZKUSDT,VOLUME_TRADES,1791493739999,TIMEOUT,0.003853,3.5088,1.9597,0.9054,18841.41
ZKUSDT,VOLUME_TRADES,1791495539999,TIMEOUT,-0.005726,3.1832,2.4271,0.9901,17867.12
ZKUSDT,VOLUME_TRADES,1791505379999,TIMEOUT,0.003055,6.7254,2.3087,0.1117,19904.98
ZKUSDT,VOLUME_TRADES,1791507959999,TIMEOUT,0.010911,2.7060,2.3875,0.8599,10885.80
ZKUSDT,VOLUME_TRADES,1791509219999,TIMEOUT,-0.003999,5.2654,2.5595,0.9582,20984.67
ZKUSDT,VOLUME_TRADES,1791511379999,TIMEOUT,-0.001411,3.2965,2.5704,0.7750,17058.34
ZKUSDT,VOLUME_TRADES,1791516239999,TIMEOUT,0.005417,3.3958,2.0553,0.6731,16575.47
ZKUSDT,VOLUME_TRADES,1791518459999,TIMEOUT,0.007874,3.1768,2.0729,0.7616,14848.42
ZKUSDT,VOLUME_TRADES,1791520259999,TIMEOUT,0.010393,3.0095,2.4755,0.8657,14363.20
ZKUSDT,VOLUME_TRADES,1791521279999,TIMEOUT,-0.001483,3.4246,3.0934,0.6375,18280.27
ZKUSDT,VOLUME_TRADES,1791522419999,TIMEOUT,-0.012296,2.8233,2.0790,0.8045,18892.94
ZKUSDT,VOLUME_TRADES,1791527519999,TIMEOUT,-0.003999,4.8025,2.3857,0.7448,35933.77
ZKUSDT,VOLUME_TRADES,1791531599999,TIMEOUT,0.015686,3.1920,2.1625,0.4902,23977.41
ZKUSDT,VOLUME_TRADES,1791534659999,TIMEOUT,0.018891,3.5681,2.0509,0.8053,37133.25
ZKUSDT,VOLUME_TRADES,1791535559999,TIMEOUT,-0.000812,7.2768,16.0652,0.6942,102488.43
ZKUSDT,VOLUME_TRADES,1791536459999,STOP,-0.023000,3.2281,2.8082,0.6885,83740.58
ZKUSDT,VOLUME_TRADES,1791545759999,TIMEOUT,-0.008571,3.0081,2.6108,0.8451,82286.27
ZKUSDT,VOLUME_TRADES,1791548339999,STOP,-0.023000,4.9721,4.3922,0.7563,187348.75
ZKUSDT,VOLUME_TRADES,1791549299999,TIMEOUT,-0.004763,2.6106,2.7625,0.2526,144538.64
ZKUSDT,VOLUME_TRADES,1791556319999,STOP,-0.023000,3.4623,1.9498,0.6266,147062.36
ZKUSDT,VOLUME_TRADES,1791561119999,TARGET,0.047000,2.8379,3.4130,0.7041,124178.95
ZKUSDT,VOLUME_TRADES,1791562019999,TIMEOUT,0.009491,5.9976,5.6732,0.7070,331388.48
ZKUSDT,VOLUME_TRADES,1791562919999,STOP,-0.023000,5.8479,6.1767,0.5514,529851.36
ZKUSDT,BREAKOUT,1791245039999,TIMEOUT,-0.015570,1.5892,1.0300,0.4196,2378.93
ZKUSDT,BREAKOUT,1791260759999,TIMEOUT,-0.004793,1.1425,0.9180,0.9211,3124.59
ZKUSDT,BREAKOUT,1791265079999,TIMEOUT,0.003137,0.0835,0.2571,0.4744,346.40
ZKUSDT,BREAKOUT,1791267659999,TIMEOUT,-0.000050,33.3303,17.5026,0.6683,111606.57
ZKUSDT,BREAKOUT,1791268739999,TIMEOUT,-0.000855,1.7328,1.3168,0.8725,13733.49
ZKUSDT,BREAKOUT,1791272039999,TIMEOUT,0.003053,0.5237,1.0733,0.3626,4365.29
ZKUSDT,BREAKOUT,1791274079999,TIMEOUT,0.000684,0.0511,0.1929,0.3041,480.12
ZKUSDT,BREAKOUT,1791281699999,TIMEOUT,0.006860,0.3384,0.4342,0.9290,1391.32
ZKUSDT,BREAKOUT,1791282659999,TIMEOUT,0.003733,0.1747,0.5244,0.2125,705.75
ZKUSDT,BREAKOUT,1791284279999,TIMEOUT,0.014473,1.5393,1.1250,0.9883,6191.13
ZKUSDT,BREAKOUT,1791285239999,TIMEOUT,0.011347,0.7269,1.0265,0.8743,3125.63
ZKUSDT,BREAKOUT,1791286559999,TIMEOUT,0.005915,2.5252,2.1511,0.8417,7947.81
ZKUSDT,BREAKOUT,1791297239999,TIMEOUT,0.021439,0.6535,1.0167,0.9157,7738.79
ZKUSDT,BREAKOUT,1791298859999,TIMEOUT,-0.000981,3.5941,4.4439,0.7003,45910.44
ZKUSDT,BREAKOUT,1791301979999,STOP,-0.023000,4.3636,1.9949,0.9033,65475.13
ZKUSDT,BREAKOUT,1791305459999,TIMEOUT,-0.006252,2.8932,1.7900,0.9311,55738.14
ZKUSDT,BREAKOUT,1791322319999,TIMEOUT,-0.003999,2.3750,1.1227,0.9904,8081.66
ZKUSDT,BREAKOUT,1791331499999,TIMEOUT,-0.011678,3.2897,3.5880,0.9174,4636.74
ZKUSDT,BREAKOUT,1791352259999,TIMEOUT,-0.006494,0.3522,0.5983,0.9275,1620.74
ZKUSDT,BREAKOUT,1791354899999,TIMEOUT,-0.008977,1.3003,0.3863,0.8869,6330.61
ZKUSDT,BREAKOUT,1791362159999,TIMEOUT,-0.016507,0.2117,0.2112,1.0000,1662.52
ZKUSDT,BREAKOUT,1791367319999,TIMEOUT,0.005205,0.9688,0.8663,0.7832,7266.42
ZKUSDT,BREAKOUT,1791370499999,TIMEOUT,-0.013931,2.0784,2.1178,0.3905,20878.11
ZKUSDT,BREAKOUT,1791374219999,TIMEOUT,-0.008165,0.3529,0.2085,0.7044,4605.67
ZKUSDT,BREAKOUT,1791381299999,STOP,-0.023000,4.1034,4.1602,0.4867,32199.44
ZKUSDT,BREAKOUT,1791386039999,TIMEOUT,0.014611,1.4082,1.1712,0.7990,14052.22
ZKUSDT,BREAKOUT,1791387059999,TIMEOUT,0.002728,1.2533,0.9228,0.8281,13398.87
ZKUSDT,BREAKOUT,1791388499999,TIMEOUT,-0.011485,0.1986,0.4572,0.6649,2052.94
ZKUSDT,BREAKOUT,1791396299999,TIMEOUT,-0.010709,0.5025,0.9622,0.9545,1621.70
ZKUSDT,BREAKOUT,1791400979999,TIMEOUT,-0.000647,0.9812,0.7566,0.9830,2846.88
ZKUSDT,BREAKOUT,1791404039999,TIMEOUT,-0.004834,1.4554,2.7774,0.5990,2586.89
ZKUSDT,BREAKOUT,1791411179999,TIMEOUT,-0.007340,1.8067,1.0852,0.9527,3465.03
ZKUSDT,BREAKOUT,1791418679999,TIMEOUT,0.002628,3.8376,4.6339,0.1374,10182.93
ZKUSDT,BREAKOUT,1791426239999,TIMEOUT,-0.014795,0.3918,0.5817,0.9771,1073.04
ZKUSDT,BREAKOUT,1791436439999,TIMEOUT,-0.005687,1.6186,0.9298,0.7672,10052.88
ZKUSDT,BREAKOUT,1791437699999,TIMEOUT,-0.021555,0.2653,0.7506,0.7816,1461.07
ZKUSDT,BREAKOUT,1791440159999,TIMEOUT,-0.000627,0.5607,0.4269,0.8894,3368.08
ZKUSDT,BREAKOUT,1791444059999,TIMEOUT,-0.008175,1.4227,1.4267,0.6497,5002.16
ZKUSDT,BREAKOUT,1791447539999,TIMEOUT,-0.012366,3.6685,2.1352,0.8820,18270.64
ZKUSDT,BREAKOUT,1791450239999,TIMEOUT,0.001853,2.3476,1.6657,0.8554,12127.69
ZKUSDT,BREAKOUT,1791452579999,TIMEOUT,-0.012324,1.1954,1.2593,0.8586,6468.09
ZKUSDT,BREAKOUT,1791459119999,TIMEOUT,-0.007321,2.2200,2.1161,0.8652,17402.26
ZKUSDT,BREAKOUT,1791465179999,STOP,-0.023000,1.0240,0.9519,0.8605,12808.79
ZKUSDT,BREAKOUT,1791468119999,TIMEOUT,0.002611,1.5349,1.2731,0.7360,21370.27
ZKUSDT,BREAKOUT,1791471119999,STOP,-0.023000,0.5221,0.6462,0.9585,9630.21
ZKUSDT,BREAKOUT,1791483179999,TIMEOUT,0.018914,0.2266,0.3742,0.4535,3373.46
ZKUSDT,BREAKOUT,1791485699999,TIMEOUT,0.008578,0.3505,0.8638,0.8367,4735.08
ZKUSDT,BREAKOUT,1791487259999,TIMEOUT,0.013856,1.0103,0.7959,0.9723,8977.99
ZKUSDT,BREAKOUT,1791490079999,TIMEOUT,0.006582,1.9163,0.9133,0.9497,13442.03
ZKUSDT,BREAKOUT,1791494459999,TIMEOUT,-0.009202,0.2470,0.7671,0.9163,1513.56
ZKUSDT,BREAKOUT,1791495539999,TIMEOUT,-0.005726,3.1832,2.4271,0.9901,17867.12
ZKUSDT,BREAKOUT,1791499259999,TIMEOUT,-0.010907,1.3714,1.0065,0.9796,7305.12
ZKUSDT,BREAKOUT,1791509219999,TIMEOUT,-0.003999,5.2654,2.5595,0.9582,20984.67
ZKUSDT,BREAKOUT,1791510119999,TIMEOUT,-0.010048,0.7671,1.3618,0.9764,3856.07
ZKUSDT,BREAKOUT,1791516119999,TIMEOUT,0.000256,2.0373,1.2864,0.9683,9972.40
ZKUSDT,BREAKOUT,1791518219999,TIMEOUT,0.010442,0.2263,0.6123,0.7347,1062.43
ZKUSDT,BREAKOUT,1791521219999,TIMEOUT,-0.000647,2.4720,2.7617,0.5341,13183.24
ZKUSDT,BREAKOUT,1791522299999,TIMEOUT,-0.010670,1.0032,0.9796,0.7444,6681.66
ZKUSDT,BREAKOUT,1791530039999,TIMEOUT,-0.005646,1.5007,1.8335,0.6296,10795.90
ZKUSDT,BREAKOUT,1791534839999,TIMEOUT,0.009017,3.4523,2.6300,0.7754,36485.89
ZKUSDT,BREAKOUT,1791535919999,STOP,-0.023000,6.3719,9.5778,0.5631,121225.63
ZKUSDT,BREAKOUT,1791539519999,TIMEOUT,-0.003214,0.9301,0.6440,0.7738,34801.47
ZKUSDT,BREAKOUT,1791540719999,TIMEOUT,0.001490,0.6964,0.8248,0.8122,27595.81
ZKUSDT,BREAKOUT,1791545999999,TIMEOUT,-0.008540,1.7888,3.0145,0.5555,51369.51
ZKUSDT,BREAKOUT,1791548279999,STOP,-0.023000,1.4405,1.0609,0.7457,55739.31
ZKUSDT,BREAKOUT,1791553979999,TIMEOUT,0.006549,0.7268,0.3493,0.7585,43874.06
ZKUSDT,BREAKOUT,1791556019999,TIMEOUT,0.002711,1.4259,0.8657,0.5941,66236.18
ZKUSDT,BREAKOUT,1791559379999,TARGET,0.047000,1.4551,1.0728,0.6501,60441.95
ZKUSDT,BREAKOUT,1791561059999,TARGET,0.047000,1.7595,2.0332,0.6867,77547.57
ZKUSDT,BREAKOUT,1791562379999,TIMEOUT,0.005885,3.9439,5.1719,0.6156,268147.21
ZKUSDT,BREAKOUT,1791563279999,STOP,-0.023000,2.9854,4.0007,0.6437,328948.50
ZKUSDT,BREAKOUT,1791565679999,STOP,-0.023000,0.7174,0.7793,0.5968,110250.58
ZKUSDT,BREAKOUT,1791566999999,STOP,-0.023000,0.8186,1.0179,0.6986,137815.08
ZKUSDT,BREAKOUT,1791570059999,TIMEOUT,0.015036,0.6309,0.6196,0.7056,94345.75
ZKUSDT,BREAKOUT,1791573659999,CENSORED,NaN,1.2768,1.0020,0.5700,101068.47
ZKUSDT,FULL_WATCH,1791267659999,TIMEOUT,-0.000050,33.3303,17.5026,0.6683,111606.57
ZKUSDT,FULL_WATCH,1791297479999,TIMEOUT,0.022209,3.0845,2.7374,0.6991,35888.51
ZKUSDT,FULL_WATCH,1791298439999,TIMEOUT,0.012676,2.6588,2.8652,0.7863,33322.64
ZKUSDT,FULL_WATCH,1791301979999,STOP,-0.023000,4.3636,1.9949,0.9033,65475.13
ZKUSDT,FULL_WATCH,1791305639999,TIMEOUT,-0.002492,2.9612,1.8333,0.9272,56375.33
ZKUSDT,FULL_WATCH,1791358499999,TIMEOUT,-0.007335,4.6373,3.1012,0.6894,26061.76
ZKUSDT,FULL_WATCH,1791381059999,TIMEOUT,-0.016570,3.5682,4.3664,0.5959,26225.33
ZKUSDT,FULL_WATCH,1791447359999,TIMEOUT,-0.003158,6.1548,4.7425,0.8328,27445.09
ZKUSDT,FULL_WATCH,1791483839999,TIMEOUT,0.008635,2.6091,1.8622,0.5885,34234.35
ZKUSDT,FULL_WATCH,1791495599999,TIMEOUT,-0.007444,5.1091,3.6964,0.9316,26288.90
ZKUSDT,FULL_WATCH,1791521399999,TIMEOUT,-0.002321,5.3113,5.4650,0.5865,28393.00
ZKUSDT,FULL_WATCH,1791527579999,TIMEOUT,-0.002348,5.5703,3.3132,0.7572,41832.76
ZKUSDT,FULL_WATCH,1791534659999,TIMEOUT,0.018891,3.5681,2.0509,0.8053,37133.25
ZKUSDT,FULL_WATCH,1791535559999,TIMEOUT,-0.000812,7.2768,16.0652,0.6942,102488.43
ZKUSDT,FULL_WATCH,1791536459999,STOP,-0.023000,3.2281,2.8082,0.6885,83740.58
ZKUSDT,FULL_WATCH,1791546239999,STOP,-0.023000,4.3608,4.7621,0.5849,129771.42
ZKUSDT,FULL_WATCH,1791548339999,STOP,-0.023000,4.9721,4.3922,0.7563,187348.75
ZKUSDT,FULL_WATCH,1791556319999,STOP,-0.023000,3.4623,1.9498,0.6266,147062.36
ZKUSDT,FULL_WATCH,1791561779999,TARGET,0.047000,2.9729,2.8153,0.5666,152994.68
ZKUSDT,FULL_WATCH,1791563459999,STOP,-0.023000,3.4817,3.5309,0.6571,396756.73
ZKUSDT,FULL_BUY,1791267659999,TIMEOUT,-0.000050,33.3303,17.5026,0.6683,111606.57
ZKUSDT,FULL_BUY,1791298859999,TIMEOUT,-0.000981,3.5941,4.4439,0.7003,45910.44
ZKUSDT,FULL_BUY,1791301979999,STOP,-0.023000,4.3636,1.9949,0.9033,65475.13
ZKUSDT,FULL_BUY,1791483839999,TIMEOUT,0.008635,2.6091,1.8622,0.5885,34234.35
ZKUSDT,FULL_BUY,1791495599999,TIMEOUT,-0.007444,5.1091,3.6964,0.9316,26288.90
ZKUSDT,FULL_BUY,1791534839999,TIMEOUT,0.009017,3.4523,2.6300,0.7754,36485.89
ZKUSDT,FULL_BUY,1791546239999,STOP,-0.023000,4.3608,4.7621,0.5849,129771.42
STRKUSDT,VOLUME,1791249719999,TIMEOUT,-0.005905,2.8076,1.4497,0.1803,26867.06
STRKUSDT,VOLUME,1791250619999,TIMEOUT,-0.003999,14.9618,2.4588,0.9183,169450.45
STRKUSDT,VOLUME,1791258419999,TIMEOUT,-0.006878,2.8181,1.5705,0.3532,30019.73
STRKUSDT,VOLUME,1791261479999,TIMEOUT,-0.004384,2.7076,2.2696,0.5196,31461.77
STRKUSDT,VOLUME,1791262439999,TIMEOUT,-0.005347,5.9704,1.5462,0.8826,77980.27
STRKUSDT,VOLUME,1791268139999,TIMEOUT,-0.012804,4.6940,4.9059,0.8282,68969.71
STRKUSDT,VOLUME,1791270779999,TIMEOUT,0.003358,5.7791,3.6516,0.1432,67511.44
STRKUSDT,VOLUME,1791271679999,TIMEOUT,0.020942,4.3806,1.7994,0.0361,63143.64
STRKUSDT,VOLUME,1791273719999,TIMEOUT,0.004665,2.5376,3.9858,0.2634,44015.89
STRKUSDT,VOLUME,1791274919999,STOP,-0.023000,3.4335,1.8743,0.7171,75977.20
STRKUSDT,VOLUME,1791284999999,TIMEOUT,-0.008984,2.5425,0.9699,0.0696,22766.16
STRKUSDT,VOLUME,1791286259999,TIMEOUT,-0.011888,3.0441,1.7801,0.1086,25728.65
STRKUSDT,VOLUME,1791289019999,TIMEOUT,0.005493,4.8113,3.3982,0.2571,54908.14
STRKUSDT,VOLUME,1791290219999,TIMEOUT,0.011352,3.7983,2.8948,0.2007,56780.54
STRKUSDT,VOLUME,1791291779999,TIMEOUT,-0.010482,5.0676,3.7021,0.5509,88090.52
STRKUSDT,VOLUME,1791292799999,TIMEOUT,-0.002845,3.6342,1.8270,0.2067,76330.11
STRKUSDT,VOLUME,1791298559999,TIMEOUT,-0.001325,2.8129,1.6742,0.1596,44457.20
STRKUSDT,VOLUME,1791301559999,TIMEOUT,-0.011049,5.8736,1.8995,0.9198,52335.65
STRKUSDT,VOLUME,1791303599999,TIMEOUT,-0.019844,2.5344,3.6287,0.5347,33198.20
STRKUSDT,VOLUME,1791307019999,TIMEOUT,-0.010587,2.6142,2.2246,0.5171,38831.79
STRKUSDT,VOLUME,1791307919999,TIMEOUT,-0.003607,4.6311,2.7812,0.4239,87115.95
STRKUSDT,VOLUME,1791320219999,TIMEOUT,-0.008669,2.5600,1.3671,0.5806,31219.24
STRKUSDT,VOLUME,1791322259999,TIMEOUT,-0.008657,3.3860,1.8029,0.6968,34751.59
STRKUSDT,VOLUME,1791323759999,TIMEOUT,0.001284,2.8288,1.8358,0.1105,25396.94
STRKUSDT,VOLUME,1791328619999,TIMEOUT,0.010752,3.6546,2.8815,0.3190,21767.41
STRKUSDT,VOLUME,1791331379999,TIMEOUT,-0.005539,3.6369,4.0769,0.5487,12059.28
STRKUSDT,VOLUME,1791337019999,STOP,-0.023000,3.3243,2.1723,0.4213,26402.93
STRKUSDT,VOLUME,1791338279999,STOP,-0.023000,2.6267,2.6098,0.5746,25134.47
STRKUSDT,VOLUME,1791339179999,TIMEOUT,-0.003217,7.6519,2.2504,0.3819,216038.53
STRKUSDT,VOLUME,1791352079999,TIMEOUT,-0.001655,2.6179,2.3087,0.6019,20482.23
STRKUSDT,VOLUME,1791352979999,TIMEOUT,-0.004388,6.8999,5.5696,0.5805,71028.09
STRKUSDT,VOLUME,1791359279999,TIMEOUT,-0.012153,2.7500,1.7569,0.5419,42326.84
STRKUSDT,VOLUME,1791363359999,TIMEOUT,-0.018954,4.0068,2.8525,0.4143,41291.88
STRKUSDT,VOLUME,1791364259999,TIMEOUT,-0.008179,3.0532,2.2671,0.2998,44444.19
STRKUSDT,VOLUME,1791365159999,TIMEOUT,-0.005195,3.3958,1.2988,0.2290,61385.60
STRKUSDT,VOLUME,1791366179999,TIMEOUT,-0.002599,2.8863,2.2456,0.5499,76499.91
STRKUSDT,VOLUME,1791367139999,TIMEOUT,0.001217,3.3126,2.5745,0.4385,99572.69
STRKUSDT,VOLUME,1791376139999,TIMEOUT,-0.010067,2.8567,2.8004,0.3506,138362.96
STRKUSDT,VOLUME,1791377939999,TIMEOUT,-0.001327,4.3300,5.1656,0.3402,233417.46
STRKUSDT,VOLUME,1791381179999,TIMEOUT,-0.008709,2.6078,1.8058,0.6282,183833.22
STRKUSDT,VOLUME,1791388679999,STOP,-0.023000,2.6792,2.0374,0.7189,94553.75
STRKUSDT,VOLUME,1791391859999,TIMEOUT,-0.007065,2.5846,2.3643,0.4603,105485.80
STRKUSDT,VOLUME,1791403559999,TIMEOUT,-0.005017,3.1820,2.5409,0.6429,71986.39
STRKUSDT,VOLUME,1791412439999,TIMEOUT,0.001707,3.0867,1.8506,0.3667,19303.73
STRKUSDT,VOLUME,1791413399999,TIMEOUT,-0.000538,5.0137,3.3587,0.3472,30701.85
STRKUSDT,VOLUME,1791416159999,TIMEOUT,-0.006632,3.0001,2.3666,0.5553,22756.15
STRKUSDT,VOLUME,1791417299999,TIMEOUT,0.002100,2.7008,2.0377,0.6089,27540.58
STRKUSDT,VOLUME,1791422699999,TIMEOUT,0.004351,2.5218,1.9892,0.6255,50031.65
STRKUSDT,VOLUME,1791430379999,STOP,-0.023000,2.6373,2.5630,0.5038,73241.41
STRKUSDT,VOLUME,1791433259999,TIMEOUT,-0.001139,4.4938,7.2073,0.4421,97248.82
STRKUSDT,VOLUME,1791435179999,TIMEOUT,-0.003794,2.5381,1.8011,0.7435,87723.82
STRKUSDT,VOLUME,1791444299999,TIMEOUT,-0.013037,3.1054,3.1087,0.3108,72728.15
STRKUSDT,VOLUME,1791448439999,TARGET,0.047000,2.6702,2.2501,0.6737,60820.79
STRKUSDT,VOLUME,1791449339999,TARGET,0.047000,10.2330,7.1676,0.4470,544795.33
STRKUSDT,VOLUME,1791450239999,TARGET,0.047000,4.1799,3.8157,0.3487,422039.97
STRKUSDT,VOLUME,1791458699999,TARGET,0.047000,2.8758,2.6572,0.5832,425226.91
STRKUSDT,VOLUME,1791460019999,STOP,-0.023000,2.5440,2.4180,0.4679,576960.50
STRKUSDT,VOLUME,1791473639999,STOP,-0.023000,2.5841,1.3535,0.4222,605080.77
STRKUSDT,VOLUME,1791498899999,TIMEOUT,-0.019814,2.5333,1.9527,0.6538,106970.40
STRKUSDT,VOLUME,1791506999999,TARGET,0.047000,3.5135,2.6714,0.6212,84268.32
STRKUSDT,VOLUME,1791507899999,TIMEOUT,0.038537,5.6457,4.0918,0.5527,217631.19
STRKUSDT,VOLUME,1791509699999,TIMEOUT,0.018553,3.2574,1.8852,0.4433,204542.78
STRKUSDT,VOLUME,1791514679999,TIMEOUT,0.031114,2.9800,2.3230,0.6065,408343.64
STRKUSDT,VOLUME,1791515579999,STOP,-0.023000,3.4434,2.9237,0.5581,545538.88
STRKUSDT,VOLUME,1791519479999,STOP,-0.023000,2.6338,1.5757,0.8009,777149.79
STRKUSDT,VOLUME,1791521219999,STOP,-0.023000,2.8568,2.3401,0.6246,1005372.04
STRKUSDT,VOLUME,1791522599999,STOP,-0.023000,4.1477,1.3988,0.8868,1676649.34
STRKUSDT,VOLUME,1791530159999,TIMEOUT,0.011988,2.9914,2.9536,0.5774,749564.23
STRKUSDT,VOLUME,1791534059999,TARGET,0.047000,2.5375,1.7966,0.6271,629157.06
STRKUSDT,VOLUME,1791534959999,TIMEOUT,-0.003187,2.5352,1.7320,0.5768,696563.74
STRKUSDT,VOLUME,1791535859999,STOP,-0.023000,3.0529,2.2221,0.6315,996106.90
STRKUSDT,VOLUME,1791551999999,TIMEOUT,-0.002590,2.6031,2.1351,0.3859,516213.94
STRKUSDT,VOLUME,1791557219999,TIMEOUT,0.003036,2.7979,2.3477,0.4966,421706.84
STRKUSDT,VOLUME,1791561119999,STOP,-0.023000,2.8104,2.2971,0.3909,415862.81
STRKUSDT,VOLUME,1791567419999,STOP,-0.023000,2.7544,2.6834,0.4793,451094.68
STRKUSDT,VOLUME,1791571319999,TIMEOUT,-0.008919,3.2637,2.8705,0.3839,443081.19
STRKUSDT,VOLUME_FLOW,1791250379999,TIMEOUT,-0.007228,16.5482,2.1441,0.9443,174590.97
STRKUSDT,VOLUME_FLOW,1791262439999,TIMEOUT,-0.005347,5.9704,1.5462,0.8826,77980.27
STRKUSDT,VOLUME_FLOW,1791268139999,TIMEOUT,-0.012804,4.6940,4.9059,0.8282,68969.71
STRKUSDT,VOLUME_FLOW,1791274919999,STOP,-0.023000,3.4335,1.8743,0.7171,75977.20
STRKUSDT,VOLUME_FLOW,1791291779999,TIMEOUT,-0.010482,5.0676,3.7021,0.5509,88090.52
STRKUSDT,VOLUME_FLOW,1791301559999,TIMEOUT,-0.011049,5.8736,1.8995,0.9198,52335.65
STRKUSDT,VOLUME_FLOW,1791320219999,TIMEOUT,-0.008669,2.5600,1.3671,0.5806,31219.24
STRKUSDT,VOLUME_FLOW,1791322259999,TIMEOUT,-0.008657,3.3860,1.8029,0.6968,34751.59
STRKUSDT,VOLUME_FLOW,1791331559999,TIMEOUT,-0.004577,4.3521,4.8519,0.6188,14606.32
STRKUSDT,VOLUME_FLOW,1791338279999,STOP,-0.023000,2.6267,2.6098,0.5746,25134.47
STRKUSDT,VOLUME_FLOW,1791352079999,TIMEOUT,-0.001655,2.6179,2.3087,0.6019,20482.23
STRKUSDT,VOLUME_FLOW,1791352979999,TIMEOUT,-0.004388,6.8999,5.5696,0.5805,71028.09
STRKUSDT,VOLUME_FLOW,1791363719999,STOP,-0.023000,2.5198,2.0661,0.6195,28845.83
STRKUSDT,VOLUME_FLOW,1791366299999,TIMEOUT,-0.003199,2.5440,1.9727,0.5814,69634.14
STRKUSDT,VOLUME_FLOW,1791381179999,TIMEOUT,-0.008709,2.6078,1.8058,0.6282,183833.22
STRKUSDT,VOLUME_FLOW,1791388679999,STOP,-0.023000,2.6792,2.0374,0.7189,94553.75
STRKUSDT,VOLUME_FLOW,1791403559999,TIMEOUT,-0.005017,3.1820,2.5409,0.6429,71986.39
STRKUSDT,VOLUME_FLOW,1791416159999,TIMEOUT,-0.006632,3.0001,2.3666,0.5553,22756.15
STRKUSDT,VOLUME_FLOW,1791417299999,TIMEOUT,0.002100,2.7008,2.0377,0.6089,27540.58
STRKUSDT,VOLUME_FLOW,1791422699999,TIMEOUT,0.004351,2.5218,1.9892,0.6255,50031.65
STRKUSDT,VOLUME_FLOW,1791435179999,TIMEOUT,-0.003794,2.5381,1.8011,0.7435,87723.82
STRKUSDT,VOLUME_FLOW,1791448439999,TARGET,0.047000,2.6702,2.2501,0.6737,60820.79
STRKUSDT,VOLUME_FLOW,1791449459999,TARGET,0.047000,4.5337,3.6360,0.5721,313826.01
STRKUSDT,VOLUME_FLOW,1791458699999,TARGET,0.047000,2.8758,2.6572,0.5832,425226.91
STRKUSDT,VOLUME_FLOW,1791498899999,TIMEOUT,-0.019814,2.5333,1.9527,0.6538,106970.40
STRKUSDT,VOLUME_FLOW,1791506999999,TARGET,0.047000,3.5135,2.6714,0.6212,84268.32
STRKUSDT,VOLUME_FLOW,1791507899999,TIMEOUT,0.038537,5.6457,4.0918,0.5527,217631.19
STRKUSDT,VOLUME_FLOW,1791509879999,TIMEOUT,0.015910,2.6227,1.8899,0.5870,176218.08
STRKUSDT,VOLUME_FLOW,1791514679999,TIMEOUT,0.031114,2.9800,2.3230,0.6065,408343.64
STRKUSDT,VOLUME_FLOW,1791515579999,STOP,-0.023000,3.4434,2.9237,0.5581,545538.88
STRKUSDT,VOLUME_FLOW,1791519479999,STOP,-0.023000,2.6338,1.5757,0.8009,777149.79
STRKUSDT,VOLUME_FLOW,1791521219999,STOP,-0.023000,2.8568,2.3401,0.6246,1005372.04
STRKUSDT,VOLUME_FLOW,1791522599999,STOP,-0.023000,4.1477,1.3988,0.8868,1676649.34
STRKUSDT,VOLUME_FLOW,1791530159999,TIMEOUT,0.011988,2.9914,2.9536,0.5774,749564.23
STRKUSDT,VOLUME_FLOW,1791534059999,TARGET,0.047000,2.5375,1.7966,0.6271,629157.06
STRKUSDT,VOLUME_FLOW,1791534959999,TIMEOUT,-0.003187,2.5352,1.7320,0.5768,696563.74
STRKUSDT,VOLUME_FLOW,1791535859999,STOP,-0.023000,3.0529,2.2221,0.6315,996106.90
STRKUSDT,VOLUME_TRADES,1791250379999,TIMEOUT,-0.007228,16.5482,2.1441,0.9443,174590.97
STRKUSDT,VOLUME_TRADES,1791261479999,TIMEOUT,-0.004384,2.7076,2.2696,0.5196,31461.77
STRKUSDT,VOLUME_TRADES,1791262499999,TIMEOUT,-0.010895,8.3392,2.3183,0.8854,109181.33
STRKUSDT,VOLUME_TRADES,1791268139999,TIMEOUT,-0.012804,4.6940,4.9059,0.8282,68969.71
STRKUSDT,VOLUME_TRADES,1791270779999,TIMEOUT,0.003358,5.7791,3.6516,0.1432,67511.44
STRKUSDT,VOLUME_TRADES,1791273719999,TIMEOUT,0.004665,2.5376,3.9858,0.2634,44015.89
STRKUSDT,VOLUME_TRADES,1791274919999,STOP,-0.023000,3.4335,1.8743,0.7171,75977.20
STRKUSDT,VOLUME_TRADES,1791285239999,TIMEOUT,-0.008991,3.1023,1.9115,0.2209,28930.33
STRKUSDT,VOLUME_TRADES,1791289019999,TIMEOUT,0.005493,4.8113,3.3982,0.2571,54908.14
STRKUSDT,VOLUME_TRADES,1791290219999,TIMEOUT,0.011352,3.7983,2.8948,0.2007,56780.54
STRKUSDT,VOLUME_TRADES,1791291779999,TIMEOUT,-0.010482,5.0676,3.7021,0.5509,88090.52
STRKUSDT,VOLUME_TRADES,1791292799999,TIMEOUT,-0.002845,3.6342,1.8270,0.2067,76330.11
STRKUSDT,VOLUME_TRADES,1791301559999,TIMEOUT,-0.011049,5.8736,1.8995,0.9198,52335.65
STRKUSDT,VOLUME_TRADES,1791303599999,TIMEOUT,-0.019844,2.5344,3.6287,0.5347,33198.20
STRKUSDT,VOLUME_TRADES,1791307019999,TIMEOUT,-0.010587,2.6142,2.2246,0.5171,38831.79
STRKUSDT,VOLUME_TRADES,1791307919999,TIMEOUT,-0.003607,4.6311,2.7812,0.4239,87115.95
STRKUSDT,VOLUME_TRADES,1791322259999,TIMEOUT,-0.008657,3.3860,1.8029,0.6968,34751.59
STRKUSDT,VOLUME_TRADES,1791323759999,TIMEOUT,0.001284,2.8288,1.8358,0.1105,25396.94
STRKUSDT,VOLUME_TRADES,1791328619999,TIMEOUT,0.010752,3.6546,2.8815,0.3190,21767.41
STRKUSDT,VOLUME_TRADES,1791331379999,TIMEOUT,-0.005539,3.6369,4.0769,0.5487,12059.28
STRKUSDT,VOLUME_TRADES,1791337019999,STOP,-0.023000,3.3243,2.1723,0.4213,26402.93
STRKUSDT,VOLUME_TRADES,1791338279999,STOP,-0.023000,2.6267,2.6098,0.5746,25134.47
STRKUSDT,VOLUME_TRADES,1791339179999,TIMEOUT,-0.003217,7.6519,2.2504,0.3819,216038.53
STRKUSDT,VOLUME_TRADES,1791352079999,TIMEOUT,-0.001655,2.6179,2.3087,0.6019,20482.23
STRKUSDT,VOLUME_TRADES,1791352979999,TIMEOUT,-0.004388,6.8999,5.5696,0.5805,71028.09
STRKUSDT,VOLUME_TRADES,1791363359999,TIMEOUT,-0.018954,4.0068,2.8525,0.4143,41291.88
STRKUSDT,VOLUME_TRADES,1791364259999,TIMEOUT,-0.008179,3.0532,2.2671,0.2998,44444.19
STRKUSDT,VOLUME_TRADES,1791365519999,TIMEOUT,0.000400,3.3537,1.9616,0.3809,69450.80
STRKUSDT,VOLUME_TRADES,1791367139999,TIMEOUT,0.001217,3.3126,2.5745,0.4385,99572.69
STRKUSDT,VOLUME_TRADES,1791376139999,TIMEOUT,-0.010067,2.8567,2.8004,0.3506,138362.96
STRKUSDT,VOLUME_TRADES,1791377939999,TIMEOUT,-0.001327,4.3300,5.1656,0.3402,233417.46
STRKUSDT,VOLUME_TRADES,1791381179999,TIMEOUT,-0.008709,2.6078,1.8058,0.6282,183833.22
STRKUSDT,VOLUME_TRADES,1791388679999,STOP,-0.023000,2.6792,2.0374,0.7189,94553.75
STRKUSDT,VOLUME_TRADES,1791391859999,TIMEOUT,-0.007065,2.5846,2.3643,0.4603,105485.80
STRKUSDT,VOLUME_TRADES,1791403559999,TIMEOUT,-0.005017,3.1820,2.5409,0.6429,71986.39
STRKUSDT,VOLUME_TRADES,1791412439999,TIMEOUT,0.001707,3.0867,1.8506,0.3667,19303.73
STRKUSDT,VOLUME_TRADES,1791413399999,TIMEOUT,-0.000538,5.0137,3.3587,0.3472,30701.85
STRKUSDT,VOLUME_TRADES,1791416159999,TIMEOUT,-0.006632,3.0001,2.3666,0.5553,22756.15
STRKUSDT,VOLUME_TRADES,1791417299999,TIMEOUT,0.002100,2.7008,2.0377,0.6089,27540.58
STRKUSDT,VOLUME_TRADES,1791422699999,TIMEOUT,0.004351,2.5218,1.9892,0.6255,50031.65
STRKUSDT,VOLUME_TRADES,1791430379999,STOP,-0.023000,2.6373,2.5630,0.5038,73241.41
STRKUSDT,VOLUME_TRADES,1791433259999,TIMEOUT,-0.001139,4.4938,7.2073,0.4421,97248.82
STRKUSDT,VOLUME_TRADES,1791435179999,TIMEOUT,-0.003794,2.5381,1.8011,0.7435,87723.82
STRKUSDT,VOLUME_TRADES,1791444299999,TIMEOUT,-0.013037,3.1054,3.1087,0.3108,72728.15
STRKUSDT,VOLUME_TRADES,1791448439999,TARGET,0.047000,2.6702,2.2501,0.6737,60820.79
STRKUSDT,VOLUME_TRADES,1791449339999,TARGET,0.047000,10.2330,7.1676,0.4470,544795.33
STRKUSDT,VOLUME_TRADES,1791450239999,TARGET,0.047000,4.1799,3.8157,0.3487,422039.97
STRKUSDT,VOLUME_TRADES,1791458699999,TARGET,0.047000,2.8758,2.6572,0.5832,425226.91
STRKUSDT,VOLUME_TRADES,1791460019999,STOP,-0.023000,2.5440,2.4180,0.4679,576960.50
STRKUSDT,VOLUME_TRADES,1791498899999,TIMEOUT,-0.019814,2.5333,1.9527,0.6538,106970.40
STRKUSDT,VOLUME_TRADES,1791506999999,TARGET,0.047000,3.5135,2.6714,0.6212,84268.32
STRKUSDT,VOLUME_TRADES,1791507899999,TIMEOUT,0.038537,5.6457,4.0918,0.5527,217631.19
STRKUSDT,VOLUME_TRADES,1791509699999,TIMEOUT,0.018553,3.2574,1.8852,0.4433,204542.78
STRKUSDT,VOLUME_TRADES,1791514679999,TIMEOUT,0.031114,2.9800,2.3230,0.6065,408343.64
STRKUSDT,VOLUME_TRADES,1791515579999,STOP,-0.023000,3.4434,2.9237,0.5581,545538.88
STRKUSDT,VOLUME_TRADES,1791521219999,STOP,-0.023000,2.8568,2.3401,0.6246,1005372.04
STRKUSDT,VOLUME_TRADES,1791522719999,STOP,-0.023000,4.6114,1.8793,0.8396,1873960.26
STRKUSDT,VOLUME_TRADES,1791530159999,TIMEOUT,0.011988,2.9914,2.9536,0.5774,749564.23
STRKUSDT,VOLUME_TRADES,1791535019999,STOP,-0.023000,3.0383,2.0134,0.5990,843734.75
STRKUSDT,VOLUME_TRADES,1791535919999,STOP,-0.023000,3.0242,2.1693,0.6220,1006055.44
STRKUSDT,VOLUME_TRADES,1791551999999,TIMEOUT,-0.002590,2.6031,2.1351,0.3859,516213.94
STRKUSDT,VOLUME_TRADES,1791557219999,TIMEOUT,0.003036,2.7979,2.3477,0.4966,421706.84
STRKUSDT,VOLUME_TRADES,1791561119999,STOP,-0.023000,2.8104,2.2971,0.3909,415862.81
STRKUSDT,VOLUME_TRADES,1791567419999,STOP,-0.023000,2.7544,2.6834,0.4793,451094.68
STRKUSDT,VOLUME_TRADES,1791571319999,TIMEOUT,-0.008919,3.2637,2.8705,0.3839,443081.19
STRKUSDT,BREAKOUT,1791245159999,TIMEOUT,-0.010967,0.6201,1.2581,0.5702,7163.56
STRKUSDT,BREAKOUT,1791262499999,TIMEOUT,-0.010895,8.3392,2.3183,0.8854,109181.33
STRKUSDT,BREAKOUT,1791268019999,TIMEOUT,-0.011483,1.1438,1.9288,0.6167,16948.30
STRKUSDT,BREAKOUT,1791274859999,STOP,-0.023000,2.3867,1.3648,0.7786,53125.42
STRKUSDT,BREAKOUT,1791291419999,TIMEOUT,0.000810,0.6547,0.9828,0.5609,11182.65
STRKUSDT,BREAKOUT,1791298319999,TIMEOUT,-0.004571,0.5924,0.6768,0.7038,9487.24
STRKUSDT,BREAKOUT,1791310199999,TIMEOUT,-0.010819,1.3957,0.7465,0.6264,27822.68
STRKUSDT,BREAKOUT,1791314879999,TIMEOUT,-0.000690,0.8926,0.9502,0.4930,18134.20
STRKUSDT,BREAKOUT,1791316079999,TIMEOUT,-0.013445,1.4920,1.4340,0.7283,22163.37
STRKUSDT,BREAKOUT,1791328919999,TIMEOUT,0.005873,0.4192,0.5286,0.6646,2831.49
STRKUSDT,BREAKOUT,1791331319999,TIMEOUT,-0.005925,1.8422,2.1300,0.5870,6119.01
STRKUSDT,BREAKOUT,1791336719999,STOP,-0.023000,0.3222,0.6897,0.5195,2568.63
STRKUSDT,BREAKOUT,1791348719999,TIMEOUT,-0.003804,0.8044,0.9377,0.7416,7134.72
STRKUSDT,BREAKOUT,1791351959999,TIMEOUT,0.001284,1.2323,1.1370,0.5264,9866.92
STRKUSDT,BREAKOUT,1791359039999,TIMEOUT,-0.011365,1.5377,0.9168,0.5233,23441.32
STRKUSDT,BREAKOUT,1791361919999,STOP,-0.023000,0.4163,0.3602,0.3403,4667.79
STRKUSDT,BREAKOUT,1791374939999,STOP,-0.023000,0.6825,0.7308,0.4519,34118.66
STRKUSDT,BREAKOUT,1791385019999,TIMEOUT,0.009484,1.0893,1.1945,0.7298,74925.67
STRKUSDT,BREAKOUT,1791386219999,TIMEOUT,0.001294,0.2048,0.5507,0.3993,11370.91
STRKUSDT,BREAKOUT,1791387119999,TIMEOUT,-0.003999,0.4503,0.7607,0.6073,21904.17
STRKUSDT,BREAKOUT,1791403079999,TIMEOUT,0.002563,0.9251,0.9019,0.6819,21835.88
STRKUSDT,BREAKOUT,1791410339999,TIMEOUT,0.000086,0.2275,0.3512,0.5727,2526.54
STRKUSDT,BREAKOUT,1791413039999,TIMEOUT,-0.002780,0.6111,0.7164,0.7274,3800.30
STRKUSDT,BREAKOUT,1791418739999,TIMEOUT,-0.009455,1.2824,0.9841,0.8419,18243.39
STRKUSDT,BREAKOUT,1791425819999,TIMEOUT,-0.006628,1.5411,1.3368,0.5167,42985.27
STRKUSDT,BREAKOUT,1791432659999,STOP,-0.023000,1.0068,0.8526,0.5839,22457.96
STRKUSDT,BREAKOUT,1791442499999,TIMEOUT,0.001098,0.3910,0.4268,0.6234,9602.93
STRKUSDT,BREAKOUT,1791443519999,TIMEOUT,-0.006636,1.8431,1.6851,0.6069,40129.96
STRKUSDT,BREAKOUT,1791448919999,TARGET,0.047000,10.2995,9.0113,0.5187,329427.99
STRKUSDT,BREAKOUT,1791449939999,STOP,-0.023000,2.9729,2.7227,0.4481,269698.84
STRKUSDT,BREAKOUT,1791451679999,TARGET,0.047000,1.1338,1.1838,0.4979,149002.14
STRKUSDT,BREAKOUT,1791452699999,TIMEOUT,0.012026,1.3148,1.1945,0.5591,194303.88
STRKUSDT,BREAKOUT,1791453599999,STOP,-0.023000,1.9004,1.5589,0.4728,316111.81
STRKUSDT,BREAKOUT,1791458519999,TARGET,0.047000,0.6583,0.6796,0.6618,98148.88
STRKUSDT,BREAKOUT,1791465059999,TARGET,0.047000,0.7000,0.6579,0.6005,191658.50
STRKUSDT,BREAKOUT,1791466019999,STOP,-0.023000,0.6908,0.6957,0.5719,202649.47
STRKUSDT,BREAKOUT,1791467939999,TIMEOUT,0.023793,0.8432,0.6981,0.5543,172201.88
STRKUSDT,BREAKOUT,1791495539999,TIMEOUT,0.012543,0.3303,0.4991,0.5437,28906.75
STRKUSDT,BREAKOUT,1791497399999,TIMEOUT,0.006708,0.1355,0.2705,0.4358,8413.89
STRKUSDT,BREAKOUT,1791498359999,TIMEOUT,-0.005244,0.3057,0.5526,0.6991,13249.60
STRKUSDT,BREAKOUT,1791505979999,TARGET,0.047000,0.5369,1.0620,0.3622,15214.23
STRKUSDT,BREAKOUT,1791506879999,TARGET,0.047000,1.7732,1.6185,0.4029,42665.97
STRKUSDT,BREAKOUT,1791507779999,TIMEOUT,0.031134,5.7829,4.1903,0.5584,214376.96
STRKUSDT,BREAKOUT,1791510179999,TIMEOUT,0.007040,1.4565,1.1096,0.6589,107441.27
STRKUSDT,BREAKOUT,1791511619999,TARGET,0.047000,1.5796,1.7276,0.5609,150137.08
STRKUSDT,BREAKOUT,1791514079999,TARGET,0.047000,1.8200,1.5494,0.5844,232291.34
STRKUSDT,BREAKOUT,1791518279999,TARGET,0.047000,1.4163,1.3527,0.5411,366947.00
STRKUSDT,BREAKOUT,1791526079999,STOP,-0.023000,0.8789,1.1942,0.5632,365846.03
STRKUSDT,BREAKOUT,1791529979999,TIMEOUT,0.016986,0.8383,0.9248,0.5058,253916.00
STRKUSDT,BREAKOUT,1791534839999,TIMEOUT,0.003484,2.3682,1.6591,0.5796,640617.21
STRKUSDT,BREAKOUT,1791540899999,STOP,-0.023000,0.5328,0.6947,0.5054,227268.97
STRKUSDT,BREAKOUT,1791545039999,STOP,-0.023000,0.6757,0.7869,0.4829,161458.48
STRKUSDT,BREAKOUT,1791550079999,STOP,-0.023000,0.9925,0.9245,0.5390,207138.64
STRKUSDT,BREAKOUT,1791557219999,TIMEOUT,0.003036,2.7979,2.3477,0.4966,421706.84
STRKUSDT,BREAKOUT,1791560519999,STOP,-0.023000,0.7127,0.8064,0.5082,104389.07
STRKUSDT,BREAKOUT,1791564179999,TIMEOUT,0.008354,0.7445,0.8009,0.5041,145202.20
STRKUSDT,BREAKOUT,1791565259999,STOP,-0.023000,0.7185,0.8661,0.6038,123752.49
STRKUSDT,BREAKOUT,1791567359999,STOP,-0.023000,2.0656,2.0256,0.4623,341036.49
STRKUSDT,FULL_WATCH,1791250559999,TIMEOUT,-0.004570,15.8926,2.1288,0.9457,173156.64
STRKUSDT,FULL_WATCH,1791262499999,TIMEOUT,-0.010895,8.3392,2.3183,0.8854,109181.33
STRKUSDT,FULL_WATCH,1791268139999,TIMEOUT,-0.012804,4.6940,4.9059,0.8282,68969.71
STRKUSDT,FULL_WATCH,1791274919999,STOP,-0.023000,3.4335,1.8743,0.7171,75977.20
STRKUSDT,FULL_WATCH,1791291779999,TIMEOUT,-0.010482,5.0676,3.7021,0.5509,88090.52
STRKUSDT,FULL_WATCH,1791322259999,TIMEOUT,-0.008657,3.3860,1.8029,0.6968,34751.59
STRKUSDT,FULL_WATCH,1791331679999,TIMEOUT,-0.009751,8.5135,6.1517,0.8566,30939.83
STRKUSDT,FULL_WATCH,1791352139999,TIMEOUT,-0.004389,4.1106,3.2256,0.6025,31528.49
STRKUSDT,FULL_WATCH,1791366299999,TIMEOUT,-0.003199,2.5440,1.9727,0.5814,69634.14
STRKUSDT,FULL_WATCH,1791388679999,STOP,-0.023000,2.6792,2.0374,0.7189,94553.75
STRKUSDT,FULL_WATCH,1791403559999,TIMEOUT,-0.005017,3.1820,2.5409,0.6429,71986.39
STRKUSDT,FULL_WATCH,1791417299999,TIMEOUT,0.002100,2.7008,2.0377,0.6089,27540.58
STRKUSDT,FULL_WATCH,1791423179999,TIMEOUT,0.000453,6.7221,3.8892,0.7930,149565.26
STRKUSDT,FULL_WATCH,1791435179999,TIMEOUT,-0.003794,2.5381,1.8011,0.7435,87723.82
STRKUSDT,FULL_WATCH,1791498959999,TIMEOUT,-0.016689,3.3182,2.5375,0.6012,133295.62
STRKUSDT,FULL_WATCH,1791507059999,TARGET,0.047000,4.2772,3.3589,0.6065,104015.00
STRKUSDT,FULL_WATCH,1791508199999,TIMEOUT,0.042090,3.1641,1.9419,0.5663,146822.21
STRKUSDT,FULL_WATCH,1791509879999,TIMEOUT,0.015910,2.6227,1.8899,0.5870,176218.08
STRKUSDT,FULL_WATCH,1791515999999,STOP,-0.023000,4.8296,2.8109,0.6026,869370.40
STRKUSDT,FULL_BUY,1791262499999,TIMEOUT,-0.010895,8.3392,2.3183,0.8854,109181.33
STRKUSDT,FULL_BUY,1791268139999,TIMEOUT,-0.012804,4.6940,4.9059,0.8282,68969.71
STRKUSDT,FULL_BUY,1791291779999,TIMEOUT,-0.010482,5.0676,3.7021,0.5509,88090.52
STRKUSDT,FULL_BUY,1791331679999,TIMEOUT,-0.009751,8.5135,6.1517,0.8566,30939.83
STRKUSDT,FULL_BUY,1791352139999,TIMEOUT,-0.004389,4.1106,3.2256,0.6025,31528.49
STRKUSDT,FULL_BUY,1791507779999,TIMEOUT,0.031134,5.7829,4.1903,0.5584,214376.96
BTCUSDT,VOLUME,1791246539999,TIMEOUT,-0.002323,5.0320,1.4277,0.3134,13478521.77
BTCUSDT,VOLUME,1791248579999,TIMEOUT,-0.009348,2.5190,1.8379,0.8642,7934487.31
BTCUSDT,VOLUME,1791261419999,TIMEOUT,-0.003547,2.9028,0.8273,0.4317,5349363.91
BTCUSDT,VOLUME,1791266579999,TIMEOUT,-0.005723,2.9085,2.0260,0.2278,5166777.00
BTCUSDT,VOLUME,1791267479999,TIMEOUT,-0.002211,3.7660,3.6052,0.4045,8209445.85
BTCUSDT,VOLUME,1791270059999,TIMEOUT,-0.000564,2.6115,0.7649,0.3503,6743921.03
BTCUSDT,VOLUME,1791273539999,TIMEOUT,0.001500,3.3217,1.0077,0.2004,13928596.55
BTCUSDT,VOLUME,1791293699999,TIMEOUT,-0.006386,2.7118,4.0667,0.7356,8564112.63
BTCUSDT,VOLUME,1791298439999,TIMEOUT,-0.009783,4.1050,1.5206,0.7793,21370930.19
BTCUSDT,VOLUME,1791328679999,TIMEOUT,-0.002923,2.5234,1.3982,0.3494,4491841.07
BTCUSDT,VOLUME,1791329579999,TIMEOUT,-0.003237,4.9727,4.2503,0.2631,9379300.73
BTCUSDT,VOLUME,1791331319999,TIMEOUT,-0.004984,2.5881,0.7491,0.0909,6082773.58
BTCUSDT,VOLUME,1791336659999,STOP,-0.023000,2.7021,1.5089,0.2030,6763219.05
BTCUSDT,VOLUME,1791338099999,TIMEOUT,-0.017974,4.5677,2.2503,0.2825,11049896.91
BTCUSDT,VOLUME,1791338999999,TIMEOUT,-0.002184,3.8532,5.1049,0.5512,29880739.51
BTCUSDT,VOLUME,1791353879999,TIMEOUT,-0.004497,2.8059,0.7995,0.2003,8750727.32
BTCUSDT,VOLUME,1791360539999,TIMEOUT,-0.005530,2.5831,1.2666,0.6267,18541600.42
BTCUSDT,VOLUME,1791361439999,TIMEOUT,-0.006674,2.5087,1.7763,0.6320,23051775.96
BTCUSDT,VOLUME,1791380399999,TIMEOUT,-0.004894,2.8129,3.2231,0.4321,18289318.57
BTCUSDT,VOLUME,1791405419999,TIMEOUT,-0.004849,2.6261,1.8072,0.2645,6410400.95
BTCUSDT,VOLUME,1791414719999,TIMEOUT,-0.002965,2.7002,1.3875,0.1713,6785767.82
BTCUSDT,VOLUME,1791420299999,TIMEOUT,-0.004210,4.8568,0.9864,0.4471,15346340.48
BTCUSDT,VOLUME,1791423419999,TIMEOUT,-0.006002,2.9537,1.6377,0.4733,11147204.47
BTCUSDT,VOLUME,1791425519999,TIMEOUT,-0.004527,3.0028,1.9988,0.3021,12419177.49
BTCUSDT,VOLUME,1791429719999,TIMEOUT,-0.008702,5.0402,3.0811,0.4295,19351503.09
BTCUSDT,VOLUME,1791433259999,TIMEOUT,0.002699,8.4756,4.0838,0.3312,40528956.59
BTCUSDT,VOLUME,1791451859999,TIMEOUT,-0.006646,2.5077,1.1637,0.4299,10429219.37
BTCUSDT,VOLUME,1791457919999,TIMEOUT,-0.004984,3.0483,2.7202,0.3515,11479342.02
BTCUSDT,VOLUME,1791463859999,TIMEOUT,-0.005455,9.4872,3.1650,0.3322,43724285.28
BTCUSDT,VOLUME,1791466979999,TIMEOUT,0.005826,3.8589,2.7386,0.3770,24399332.65
BTCUSDT,VOLUME,1791472859999,TIMEOUT,-0.006710,3.0020,2.3289,0.3367,23354129.48
BTCUSDT,VOLUME,1791473819999,TIMEOUT,-0.003068,2.5703,2.1676,0.4085,28411653.19
BTCUSDT,VOLUME,1791475019999,TIMEOUT,-0.005365,2.6398,1.2239,0.2083,32104969.72
BTCUSDT,VOLUME,1791499499999,TIMEOUT,-0.005365,2.8734,1.0767,0.7977,6907382.86
BTCUSDT,VOLUME,1791503039999,TIMEOUT,-0.003694,3.4166,0.7828,0.7394,8104997.91
BTCUSDT,VOLUME,1791504179999,TIMEOUT,-0.002500,3.0991,1.9018,0.3180,8268002.60
BTCUSDT,VOLUME,1791511739999,TIMEOUT,-0.003947,2.9622,1.6629,0.5702,7989751.89
BTCUSDT,VOLUME,1791514439999,TIMEOUT,-0.003417,3.5186,1.9426,0.8143,11760542.64
BTCUSDT,VOLUME,1791534599999,TIMEOUT,-0.002934,2.5191,1.0202,0.6191,8796297.64
BTCUSDT,VOLUME,1791542639999,TIMEOUT,0.002800,3.4347,1.6591,0.2038,7998730.16
BTCUSDT,VOLUME,1791545579999,TIMEOUT,0.000282,3.4843,2.8631,0.6689,8932270.16
BTCUSDT,VOLUME,1791546479999,TIMEOUT,-0.007209,5.9669,4.3559,0.7021,20424327.81
BTCUSDT,VOLUME,1791571019999,TIMEOUT,-0.003021,2.8277,1.5143,0.3313,7137549.22
BTCUSDT,VOLUME_FLOW,1791246899999,TIMEOUT,-0.004551,3.2769,1.7287,0.8358,9592978.07
BTCUSDT,VOLUME_FLOW,1791248579999,TIMEOUT,-0.009348,2.5190,1.8379,0.8642,7934487.31
BTCUSDT,VOLUME_FLOW,1791270299999,TIMEOUT,-0.000638,4.4731,1.1584,0.6196,12188710.72
BTCUSDT,VOLUME_FLOW,1791274139999,TIMEOUT,-0.002640,2.5975,2.4864,0.7313,12600678.49
BTCUSDT,VOLUME_FLOW,1791293699999,TIMEOUT,-0.006386,2.7118,4.0667,0.7356,8564112.63
BTCUSDT,VOLUME_FLOW,1791298439999,TIMEOUT,-0.009783,4.1050,1.5206,0.7793,21370930.19
BTCUSDT,VOLUME_FLOW,1791332039999,TIMEOUT,-0.005716,2.6025,1.9733,0.8539,6049146.50
BTCUSDT,VOLUME_FLOW,1791338939999,TIMEOUT,-0.002778,4.2169,5.5945,0.5538,31622908.15
BTCUSDT,VOLUME_FLOW,1791360539999,TIMEOUT,-0.005530,2.5831,1.2666,0.6267,18541600.42
BTCUSDT,VOLUME_FLOW,1791361439999,TIMEOUT,-0.006674,2.5087,1.7763,0.6320,23051775.96
BTCUSDT,VOLUME_FLOW,1791433559999,TIMEOUT,-0.002463,3.3314,3.3914,0.6354,21006891.63
BTCUSDT,VOLUME_FLOW,1791499499999,TIMEOUT,-0.005365,2.8734,1.0767,0.7977,6907382.86
BTCUSDT,VOLUME_FLOW,1791503039999,TIMEOUT,-0.003694,3.4166,0.7828,0.7394,8104997.91
BTCUSDT,VOLUME_FLOW,1791511739999,TIMEOUT,-0.003947,2.9622,1.6629,0.5702,7989751.89
BTCUSDT,VOLUME_FLOW,1791514439999,TIMEOUT,-0.003417,3.5186,1.9426,0.8143,11760542.64
BTCUSDT,VOLUME_FLOW,1791534599999,TIMEOUT,-0.002934,2.5191,1.0202,0.6191,8796297.64
BTCUSDT,VOLUME_FLOW,1791545579999,TIMEOUT,0.000282,3.4843,2.8631,0.6689,8932270.16
BTCUSDT,VOLUME_FLOW,1791546479999,TIMEOUT,-0.007209,5.9669,4.3559,0.7021,20424327.81
BTCUSDT,VOLUME_TRADES,1791246659999,TIMEOUT,-0.002985,10.7792,2.3123,0.4319,29007019.46
BTCUSDT,VOLUME_TRADES,1791248579999,TIMEOUT,-0.009348,2.5190,1.8379,0.8642,7934487.31
BTCUSDT,VOLUME_TRADES,1791266579999,TIMEOUT,-0.005723,2.9085,2.0260,0.2278,5166777.00
BTCUSDT,VOLUME_TRADES,1791267479999,TIMEOUT,-0.002211,3.7660,3.6052,0.4045,8209445.85
BTCUSDT,VOLUME_TRADES,1791274139999,TIMEOUT,-0.002640,2.5975,2.4864,0.7313,12600678.49
BTCUSDT,VOLUME_TRADES,1791293699999,TIMEOUT,-0.006386,2.7118,4.0667,0.7356,8564112.63
BTCUSDT,VOLUME_TRADES,1791329459999,TIMEOUT,-0.004630,3.1126,2.3533,0.2518,5829084.06
BTCUSDT,VOLUME_TRADES,1791332039999,TIMEOUT,-0.005716,2.6025,1.9733,0.8539,6049146.50
BTCUSDT,VOLUME_TRADES,1791338099999,TIMEOUT,-0.017974,4.5677,2.2503,0.2825,11049896.91
BTCUSDT,VOLUME_TRADES,1791338999999,TIMEOUT,-0.002184,3.8532,5.1049,0.5512,29880739.51
BTCUSDT,VOLUME_TRADES,1791353999999,TIMEOUT,-0.003940,3.3161,1.9495,0.1999,10315948.13
BTCUSDT,VOLUME_TRADES,1791360719999,TIMEOUT,-0.005711,2.6207,2.1814,0.6724,19875904.70
BTCUSDT,VOLUME_TRADES,1791380399999,TIMEOUT,-0.004894,2.8129,3.2231,0.4321,18289318.57
BTCUSDT,VOLUME_TRADES,1791405419999,TIMEOUT,-0.004849,2.6261,1.8072,0.2645,6410400.95
BTCUSDT,VOLUME_TRADES,1791425519999,TIMEOUT,-0.004527,3.0028,1.9988,0.3021,12419177.49
BTCUSDT,VOLUME_TRADES,1791429719999,TIMEOUT,-0.008702,5.0402,3.0811,0.4295,19351503.09
BTCUSDT,VOLUME_TRADES,1791433259999,TIMEOUT,0.002699,8.4756,4.0838,0.3312,40528956.59
BTCUSDT,VOLUME_TRADES,1791457919999,TIMEOUT,-0.004984,3.0483,2.7202,0.3515,11479342.02
BTCUSDT,VOLUME_TRADES,1791463859999,TIMEOUT,-0.005455,9.4872,3.1650,0.3322,43724285.28
BTCUSDT,VOLUME_TRADES,1791466979999,TIMEOUT,0.005826,3.8589,2.7386,0.3770,24399332.65
BTCUSDT,VOLUME_TRADES,1791472859999,TIMEOUT,-0.006710,3.0020,2.3289,0.3367,23354129.48
BTCUSDT,VOLUME_TRADES,1791473819999,TIMEOUT,-0.003068,2.5703,2.1676,0.4085,28411653.19
BTCUSDT,VOLUME_TRADES,1791504179999,TIMEOUT,-0.002500,3.0991,1.9018,0.3180,8268002.60
BTCUSDT,VOLUME_TRADES,1791514439999,TIMEOUT,-0.003417,3.5186,1.9426,0.8143,11760542.64
BTCUSDT,VOLUME_TRADES,1791542699999,TIMEOUT,0.002689,3.7830,1.9902,0.2159,8847880.24
BTCUSDT,VOLUME_TRADES,1791545579999,TIMEOUT,0.000282,3.4843,2.8631,0.6689,8932270.16
BTCUSDT,VOLUME_TRADES,1791546479999,TIMEOUT,-0.007209,5.9669,4.3559,0.7021,20424327.81
BTCUSDT,BREAKOUT,1791248459999,TIMEOUT,-0.008336,1.6762,0.7385,0.9008,5281306.68
BTCUSDT,BREAKOUT,1791274019999,TIMEOUT,-0.001158,0.6632,1.0257,0.6843,3240799.16
BTCUSDT,BREAKOUT,1791298319999,TIMEOUT,-0.009340,1.1886,1.3100,0.6685,6135853.66
BTCUSDT,BREAKOUT,1791483659999,TIMEOUT,0.000629,1.2980,1.0642,0.8152,13155426.71
BTCUSDT,BREAKOUT,1791510239999,TIMEOUT,-0.003391,1.0204,1.3197,0.5957,3223075.24
BTCUSDT,BREAKOUT,1791514439999,TIMEOUT,-0.003417,3.5186,1.9426,0.8143,11760542.64
BTCUSDT,BREAKOUT,1791545579999,TIMEOUT,0.000282,3.4843,2.8631,0.6689,8932270.16
BTCUSDT,BREAKOUT,1791555719999,TIMEOUT,-0.006816,1.4010,1.3859,0.6672,7227248.57
BTCUSDT,FULL_WATCH,1791248579999,TIMEOUT,-0.009348,2.5190,1.8379,0.8642,7934487.31
BTCUSDT,FULL_WATCH,1791274139999,TIMEOUT,-0.002640,2.5975,2.4864,0.7313,12600678.49
BTCUSDT,FULL_WATCH,1791293699999,TIMEOUT,-0.006386,2.7118,4.0667,0.7356,8564112.63
BTCUSDT,FULL_WATCH,1791332039999,TIMEOUT,-0.005716,2.6025,1.9733,0.8539,6049146.50
BTCUSDT,FULL_WATCH,1791360719999,TIMEOUT,-0.005711,2.6207,2.1814,0.6724,19875904.70
BTCUSDT,FULL_WATCH,1791433559999,TIMEOUT,-0.002463,3.3314,3.3914,0.6354,21006891.63
BTCUSDT,FULL_WATCH,1791514439999,TIMEOUT,-0.003417,3.5186,1.9426,0.8143,11760542.64
BTCUSDT,FULL_WATCH,1791545579999,TIMEOUT,0.000282,3.4843,2.8631,0.6689,8932270.16
BTCUSDT,FULL_WATCH,1791546479999,TIMEOUT,-0.007209,5.9669,4.3559,0.7021,20424327.81
BTCUSDT,FULL_BUY,1791514439999,TIMEOUT,-0.003417,3.5186,1.9426,0.8143,11760542.64
BTCUSDT,FULL_BUY,1791545579999,TIMEOUT,0.000282,3.4843,2.8631,0.6689,8932270.16
ETHUSDT,VOLUME,1791245999999,TIMEOUT,-0.003521,3.3006,1.7471,0.1379,2095529.46
ETHUSDT,VOLUME,1791248459999,TIMEOUT,-0.008924,2.6231,1.2675,0.6840,1825360.95
ETHUSDT,VOLUME,1791257459999,TIMEOUT,-0.002054,3.1202,1.7779,0.3273,3095653.28
ETHUSDT,VOLUME,1791258419999,TIMEOUT,-0.002696,2.8261,0.6278,0.8970,3209729.03
ETHUSDT,VOLUME,1791266639999,TIMEOUT,-0.003636,2.8319,3.0329,0.2984,2203910.76
ETHUSDT,VOLUME,1791267539999,TIMEOUT,-0.002854,3.3229,3.3057,0.6212,3018032.61
ETHUSDT,VOLUME,1791272039999,TIMEOUT,0.001891,2.6059,1.1376,0.5683,2894889.43
ETHUSDT,VOLUME,1791272939999,TIMEOUT,-0.001078,3.5110,1.1749,0.5520,4795598.27
ETHUSDT,VOLUME,1791274139999,TIMEOUT,-0.002666,2.6768,1.4028,0.6683,4785844.62
ETHUSDT,VOLUME,1791275039999,TIMEOUT,-0.002906,3.4401,3.7977,0.7146,6939153.37
ETHUSDT,VOLUME,1791278759999,TIMEOUT,-0.000723,3.0027,2.9655,0.4578,7755014.82
ETHUSDT,VOLUME,1791280559999,TIMEOUT,-0.003218,6.4505,3.5031,0.6786,17261517.53
ETHUSDT,VOLUME,1791293699999,TIMEOUT,-0.006737,2.8128,4.7110,0.6904,3038823.43
ETHUSDT,VOLUME,1791298679999,TIMEOUT,-0.010509,3.2012,1.3996,0.7740,6554772.10
ETHUSDT,VOLUME,1791304199999,TIMEOUT,-0.005788,6.4306,1.2475,0.1585,15288099.78
ETHUSDT,VOLUME,1791305579999,TIMEOUT,-0.003914,3.5285,0.9324,0.1439,14607668.42
ETHUSDT,VOLUME,1791308339999,TIMEOUT,-0.004058,3.3709,1.2598,0.2174,18530883.79
ETHUSDT,VOLUME,1791328619999,TIMEOUT,-0.002379,2.8633,1.6167,0.4951,1803157.02
ETHUSDT,VOLUME,1791329579999,TIMEOUT,-0.004025,2.6243,2.2827,0.5640,1769232.02
ETHUSDT,VOLUME,1791335999999,STOP,-0.023000,3.1746,3.3984,0.1805,2069777.48
ETHUSDT,VOLUME,1791336899999,STOP,-0.023000,3.9727,2.2550,0.2744,3696820.80
ETHUSDT,VOLUME,1791338039999,STOP,-0.023000,3.2059,1.8222,0.0733,4650494.10
ETHUSDT,VOLUME,1791338939999,TIMEOUT,-0.003239,6.4715,7.6625,0.4723,37831692.03
ETHUSDT,VOLUME,1791354059999,TIMEOUT,-0.002936,4.5357,1.3923,0.0578,15437352.14
ETHUSDT,VOLUME,1791360419999,TIMEOUT,-0.006179,2.8579,1.8442,0.7971,9014751.38
ETHUSDT,VOLUME,1791361319999,TIMEOUT,-0.008668,3.6237,4.4703,0.7167,17374062.20
ETHUSDT,VOLUME,1791367679999,TIMEOUT,-0.003666,4.6997,3.2995,0.3988,25181924.51
ETHUSDT,VOLUME,1791378179999,TIMEOUT,-0.002987,6.4715,2.6243,0.4265,17385094.69
ETHUSDT,VOLUME,1791389099999,TIMEOUT,-0.005861,2.5597,1.2175,0.3636,10104890.16
ETHUSDT,VOLUME,1791394859999,TIMEOUT,0.001077,4.1451,2.0046,0.3541,16980874.86
ETHUSDT,VOLUME,1791405359999,TIMEOUT,-0.004434,3.1337,2.1811,0.3200,4952394.61
ETHUSDT,VOLUME,1791418259999,TIMEOUT,0.000435,3.0577,1.9492,0.4064,4058939.75
ETHUSDT,VOLUME,1791432179999,TIMEOUT,-0.004061,2.5479,2.8202,0.4476,5030770.56
ETHUSDT,VOLUME,1791433259999,TIMEOUT,0.003726,4.4602,3.7123,0.3459,9730509.81
ETHUSDT,VOLUME,1791446759999,TIMEOUT,-0.005006,2.5673,0.7913,0.5160,4810456.89
ETHUSDT,VOLUME,1791457559999,TIMEOUT,-0.009902,2.5697,2.6629,0.3047,5088220.57
ETHUSDT,VOLUME,1791458759999,TIMEOUT,-0.005109,3.6250,1.1730,0.1888,10694753.00
ETHUSDT,VOLUME,1791463859999,TIMEOUT,-0.007124,6.1133,2.2739,0.3913,23432118.37
ETHUSDT,VOLUME,1791466979999,TIMEOUT,0.004212,4.0273,3.4226,0.4729,16050912.81
ETHUSDT,VOLUME,1791472739999,STOP,-0.023000,4.0332,2.1212,0.2936,15220032.13
ETHUSDT,VOLUME,1791473639999,TIMEOUT,-0.019201,2.8592,2.4300,0.5328,19805931.79
ETHUSDT,VOLUME,1791514079999,TIMEOUT,-0.002200,3.4435,1.7084,0.6041,4369864.49
ETHUSDT,VOLUME,1791521639999,TIMEOUT,-0.002166,2.5051,1.2458,0.2913,3499085.09
ETHUSDT,VOLUME,1791524339999,TIMEOUT,-0.002655,2.8445,1.5131,0.7128,3426000.93
ETHUSDT,VOLUME,1791530759999,TIMEOUT,-0.003883,2.5186,1.3772,0.5330,3569353.96
ETHUSDT,VOLUME,1791533459999,TIMEOUT,-0.005303,2.5754,0.9851,0.7613,4354130.10
ETHUSDT,VOLUME,1791541859999,TIMEOUT,-0.007198,2.5481,2.2211,0.3299,3063404.29
ETHUSDT,VOLUME,1791543119999,TIMEOUT,0.004528,2.8508,3.4161,0.5531,3940805.67
ETHUSDT,VOLUME,1791546419999,TIMEOUT,-0.012166,4.1004,2.6061,0.6492,6904851.34
ETHUSDT,VOLUME,1791552959999,TIMEOUT,0.002534,4.6948,3.1149,0.3891,10155977.06
ETHUSDT,VOLUME,1791567119999,TIMEOUT,-0.004538,2.7735,1.4036,0.6226,3155336.14
ETHUSDT,VOLUME,1791575279999,CENSORED,NaN,3.4348,1.4360,0.3445,3082357.29
ETHUSDT,VOLUME_FLOW,1791248459999,TIMEOUT,-0.008924,2.6231,1.2675,0.6840,1825360.95
ETHUSDT,VOLUME_FLOW,1791258419999,TIMEOUT,-0.002696,2.8261,0.6278,0.8970,3209729.03
ETHUSDT,VOLUME_FLOW,1791267419999,TIMEOUT,-0.001873,3.2372,4.1517,0.5568,2892193.38
ETHUSDT,VOLUME_FLOW,1791272039999,TIMEOUT,0.001891,2.6059,1.1376,0.5683,2894889.43
ETHUSDT,VOLUME_FLOW,1791272939999,TIMEOUT,-0.001078,3.5110,1.1749,0.5520,4795598.27
ETHUSDT,VOLUME_FLOW,1791274139999,TIMEOUT,-0.002666,2.6768,1.4028,0.6683,4785844.62
ETHUSDT,VOLUME_FLOW,1791275039999,TIMEOUT,-0.002906,3.4401,3.7977,0.7146,6939153.37
ETHUSDT,VOLUME_FLOW,1791280559999,TIMEOUT,-0.003218,6.4505,3.5031,0.6786,17261517.53
ETHUSDT,VOLUME_FLOW,1791293699999,TIMEOUT,-0.006737,2.8128,4.7110,0.6904,3038823.43
ETHUSDT,VOLUME_FLOW,1791298679999,TIMEOUT,-0.010509,3.2012,1.3996,0.7740,6554772.10
ETHUSDT,VOLUME_FLOW,1791328739999,TIMEOUT,-0.002835,3.7199,3.1734,0.5509,2342891.47
ETHUSDT,VOLUME_FLOW,1791360419999,TIMEOUT,-0.006179,2.8579,1.8442,0.7971,9014751.38
ETHUSDT,VOLUME_FLOW,1791361319999,TIMEOUT,-0.008668,3.6237,4.4703,0.7167,17374062.20
ETHUSDT,VOLUME_FLOW,1791433559999,TIMEOUT,-0.003276,3.5863,3.7058,0.5961,8917207.19
ETHUSDT,VOLUME_FLOW,1791474059999,TIMEOUT,-0.009856,3.2646,2.1636,0.5706,28689100.15
ETHUSDT,VOLUME_FLOW,1791514079999,TIMEOUT,-0.002200,3.4435,1.7084,0.6041,4369864.49
ETHUSDT,VOLUME_FLOW,1791524339999,TIMEOUT,-0.002655,2.8445,1.5131,0.7128,3426000.93
ETHUSDT,VOLUME_FLOW,1791530939999,TIMEOUT,-0.004311,2.5254,1.7639,0.5584,3653571.76
ETHUSDT,VOLUME_FLOW,1791533459999,TIMEOUT,-0.005303,2.5754,0.9851,0.7613,4354130.10
ETHUSDT,VOLUME_FLOW,1791542399999,TIMEOUT,-0.000150,2.9012,2.7218,0.5572,3591507.17
ETHUSDT,VOLUME_FLOW,1791546419999,TIMEOUT,-0.012166,4.1004,2.6061,0.6492,6904851.34
ETHUSDT,VOLUME_FLOW,1791567119999,TIMEOUT,-0.004538,2.7735,1.4036,0.6226,3155336.14
ETHUSDT,VOLUME_TRADES,1791248519999,TIMEOUT,-0.010068,4.1290,2.1296,0.6572,2879155.79
ETHUSDT,VOLUME_TRADES,1791257519999,TIMEOUT,-0.002265,3.1154,1.9789,0.3715,3115378.63
ETHUSDT,VOLUME_TRADES,1791266639999,TIMEOUT,-0.003636,2.8319,3.0329,0.2984,2203910.76
ETHUSDT,VOLUME_TRADES,1791267539999,TIMEOUT,-0.002854,3.3229,3.3057,0.6212,3018032.61
ETHUSDT,VOLUME_TRADES,1791272399999,TIMEOUT,-0.000192,3.2155,1.8253,0.6109,3906933.82
ETHUSDT,VOLUME_TRADES,1791274319999,TIMEOUT,-0.002714,2.7832,2.2515,0.6930,5089166.12
ETHUSDT,VOLUME_TRADES,1791275219999,TIMEOUT,-0.006688,2.5909,2.6660,0.7118,5580372.31
ETHUSDT,VOLUME_TRADES,1791278759999,TIMEOUT,-0.000723,3.0027,2.9655,0.4578,7755014.82
ETHUSDT,VOLUME_TRADES,1791280559999,TIMEOUT,-0.003218,6.4505,3.5031,0.6786,17261517.53
ETHUSDT,VOLUME_TRADES,1791293699999,TIMEOUT,-0.006737,2.8128,4.7110,0.6904,3038823.43
ETHUSDT,VOLUME_TRADES,1791298919999,TIMEOUT,-0.011316,4.2471,1.9917,0.7295,9025740.07
ETHUSDT,VOLUME_TRADES,1791304439999,TIMEOUT,-0.005612,13.3680,1.8542,0.1655,31633088.72
ETHUSDT,VOLUME_TRADES,1791328679999,TIMEOUT,-0.002661,3.4672,2.4694,0.5329,2185289.29
ETHUSDT,VOLUME_TRADES,1791329579999,TIMEOUT,-0.004025,2.6243,2.2827,0.5640,1769232.02
ETHUSDT,VOLUME_TRADES,1791335999999,STOP,-0.023000,3.1746,3.3984,0.1805,2069777.48
ETHUSDT,VOLUME_TRADES,1791336899999,STOP,-0.023000,3.9727,2.2550,0.2744,3696820.80
ETHUSDT,VOLUME_TRADES,1791338039999,STOP,-0.023000,3.2059,1.8222,0.0733,4650494.10
ETHUSDT,VOLUME_TRADES,1791338939999,TIMEOUT,-0.003239,6.4715,7.6625,0.4723,37831692.03
ETHUSDT,VOLUME_TRADES,1791360419999,TIMEOUT,-0.006179,2.8579,1.8442,0.7971,9014751.38
ETHUSDT,VOLUME_TRADES,1791361319999,TIMEOUT,-0.008668,3.6237,4.4703,0.7167,17374062.20
ETHUSDT,VOLUME_TRADES,1791367679999,TIMEOUT,-0.003666,4.6997,3.2995,0.3988,25181924.51
ETHUSDT,VOLUME_TRADES,1791378179999,TIMEOUT,-0.002987,6.4715,2.6243,0.4265,17385094.69
ETHUSDT,VOLUME_TRADES,1791394859999,TIMEOUT,0.001077,4.1451,2.0046,0.3541,16980874.86
ETHUSDT,VOLUME_TRADES,1791405359999,TIMEOUT,-0.004434,3.1337,2.1811,0.3200,4952394.61
ETHUSDT,VOLUME_TRADES,1791418259999,TIMEOUT,0.000435,3.0577,1.9492,0.4064,4058939.75
ETHUSDT,VOLUME_TRADES,1791432179999,TIMEOUT,-0.004061,2.5479,2.8202,0.4476,5030770.56
ETHUSDT,VOLUME_TRADES,1791433259999,TIMEOUT,0.003726,4.4602,3.7123,0.3459,9730509.81
ETHUSDT,VOLUME_TRADES,1791457559999,TIMEOUT,-0.009902,2.5697,2.6629,0.3047,5088220.57
ETHUSDT,VOLUME_TRADES,1791463859999,TIMEOUT,-0.007124,6.1133,2.2739,0.3913,23432118.37
ETHUSDT,VOLUME_TRADES,1791466979999,TIMEOUT,0.004212,4.0273,3.4226,0.4729,16050912.81
ETHUSDT,VOLUME_TRADES,1791472739999,STOP,-0.023000,4.0332,2.1212,0.2936,15220032.13
ETHUSDT,VOLUME_TRADES,1791473639999,TIMEOUT,-0.019201,2.8592,2.4300,0.5328,19805931.79
ETHUSDT,VOLUME_TRADES,1791514439999,TIMEOUT,-0.007081,4.0572,2.6173,0.7653,5771289.21
ETHUSDT,VOLUME_TRADES,1791524399999,TIMEOUT,-0.001841,2.5572,1.8412,0.6370,3135684.85
ETHUSDT,VOLUME_TRADES,1791533699999,TIMEOUT,-0.004593,2.5636,1.9686,0.7521,4647095.52
ETHUSDT,VOLUME_TRADES,1791541859999,TIMEOUT,-0.007198,2.5481,2.2211,0.3299,3063404.29
ETHUSDT,VOLUME_TRADES,1791543119999,TIMEOUT,0.004528,2.8508,3.4161,0.5531,3940805.67
ETHUSDT,VOLUME_TRADES,1791546419999,TIMEOUT,-0.012166,4.1004,2.6061,0.6492,6904851.34
ETHUSDT,VOLUME_TRADES,1791552959999,TIMEOUT,0.002534,4.6948,3.1149,0.3891,10155977.06
ETHUSDT,VOLUME_TRADES,1791575399999,CENSORED,NaN,4.0937,1.8905,0.3464,3752046.90
ETHUSDT,BREAKOUT,1791298679999,TIMEOUT,-0.010509,3.2012,1.3996,0.7740,6554772.10
ETHUSDT,BREAKOUT,1791381119999,TIMEOUT,-0.007781,2.1188,2.6654,0.6493,8494889.74
ETHUSDT,BREAKOUT,1791386039999,TIMEOUT,-0.002143,1.2222,0.7081,0.7467,4796777.38
ETHUSDT,BREAKOUT,1791389219999,TIMEOUT,-0.007849,3.4920,1.3286,0.3350,14159172.17
ETHUSDT,BREAKOUT,1791396359999,TIMEOUT,-0.004478,0.8903,1.6073,0.7131,3853954.78
ETHUSDT,BREAKOUT,1791421379999,TIMEOUT,-0.004815,1.6756,2.0404,0.5587,3182789.55
ETHUSDT,BREAKOUT,1791433559999,TIMEOUT,-0.003276,3.5863,3.7058,0.5961,8917207.19
ETHUSDT,BREAKOUT,1791437039999,TIMEOUT,-0.009039,0.8926,0.6060,0.6892,2769419.77
ETHUSDT,BREAKOUT,1791442499999,TIMEOUT,-0.004419,0.8288,0.3155,0.6915,1670515.84
ETHUSDT,BREAKOUT,1791483659999,TIMEOUT,0.004751,0.7527,0.8401,0.7768,3805977.28
ETHUSDT,BREAKOUT,1791490379999,TIMEOUT,-0.004169,0.4555,0.5115,0.4521,1777797.13
ETHUSDT,BREAKOUT,1791514379999,TIMEOUT,-0.005617,2.7057,1.5602,0.7377,3830388.36
ETHUSDT,BREAKOUT,1791523139999,TIMEOUT,-0.003743,0.7911,1.3618,0.7312,932839.48
ETHUSDT,BREAKOUT,1791546419999,TIMEOUT,-0.012166,4.1004,2.6061,0.6492,6904851.34
ETHUSDT,BREAKOUT,1791555719999,TIMEOUT,-0.005909,2.2416,1.2609,0.4416,5130148.14
ETHUSDT,BREAKOUT,1791562379999,TIMEOUT,-0.007495,1.1875,0.6522,0.6950,2304209.72
ETHUSDT,FULL_WATCH,1791248519999,TIMEOUT,-0.010068,4.1290,2.1296,0.6572,2879155.79
ETHUSDT,FULL_WATCH,1791267419999,TIMEOUT,-0.001873,3.2372,4.1517,0.5568,2892193.38
ETHUSDT,FULL_WATCH,1791272399999,TIMEOUT,-0.000192,3.2155,1.8253,0.6109,3906933.82
ETHUSDT,FULL_WATCH,1791274319999,TIMEOUT,-0.002714,2.7832,2.2515,0.6930,5089166.12
ETHUSDT,FULL_WATCH,1791275219999,TIMEOUT,-0.006688,2.5909,2.6660,0.7118,5580372.31
ETHUSDT,FULL_WATCH,1791280559999,TIMEOUT,-0.003218,6.4505,3.5031,0.6786,17261517.53
ETHUSDT,FULL_WATCH,1791293699999,TIMEOUT,-0.006737,2.8128,4.7110,0.6904,3038823.43
ETHUSDT,FULL_WATCH,1791298919999,TIMEOUT,-0.011316,4.2471,1.9917,0.7295,9025740.07
ETHUSDT,FULL_WATCH,1791328739999,TIMEOUT,-0.002835,3.7199,3.1734,0.5509,2342891.47
ETHUSDT,FULL_WATCH,1791360419999,TIMEOUT,-0.006179,2.8579,1.8442,0.7971,9014751.38
ETHUSDT,FULL_WATCH,1791361319999,TIMEOUT,-0.008668,3.6237,4.4703,0.7167,17374062.20
ETHUSDT,FULL_WATCH,1791433559999,TIMEOUT,-0.003276,3.5863,3.7058,0.5961,8917207.19
ETHUSDT,FULL_WATCH,1791514439999,TIMEOUT,-0.007081,4.0572,2.6173,0.7653,5771289.21
ETHUSDT,FULL_WATCH,1791524399999,TIMEOUT,-0.001841,2.5572,1.8412,0.6370,3135684.85
ETHUSDT,FULL_WATCH,1791533699999,TIMEOUT,-0.004593,2.5636,1.9686,0.7521,4647095.52
ETHUSDT,FULL_WATCH,1791542399999,TIMEOUT,-0.000150,2.9012,2.7218,0.5572,3591507.17
ETHUSDT,FULL_WATCH,1791546419999,TIMEOUT,-0.012166,4.1004,2.6061,0.6492,6904851.34
ETHUSDT,FULL_BUY,1791433559999,TIMEOUT,-0.003276,3.5863,3.7058,0.5961,8917207.19
ETHUSDT,FULL_BUY,1791514439999,TIMEOUT,-0.007081,4.0572,2.6173,0.7653,5771289.21
ETHUSDT,FULL_BUY,1791546419999,TIMEOUT,-0.012166,4.1004,2.6061,0.6492,6904851.34
BNBUSDT,VOLUME,1791248399999,TIMEOUT,-0.007432,2.5626,1.3763,0.4135,356287.14
BNBUSDT,VOLUME,1791249479999,TIMEOUT,-0.008243,4.6680,3.3451,0.3028,828314.80
BNBUSDT,VOLUME,1791250559999,TIMEOUT,-0.004331,2.5043,2.9519,0.2939,587053.64
BNBUSDT,VOLUME,1791253559999,TIMEOUT,-0.005325,2.5873,1.1710,0.4872,901062.55
BNBUSDT,VOLUME,1791265259999,TIMEOUT,-0.007181,2.6732,1.1937,0.5162,505988.65
BNBUSDT,VOLUME,1791266519999,TIMEOUT,-0.004486,4.8123,2.9422,0.3081,1089891.08
BNBUSDT,VOLUME,1791278939999,TIMEOUT,-0.001597,2.8471,3.0303,0.4937,597548.32
BNBUSDT,VOLUME,1791286919999,TIMEOUT,-0.002304,2.5720,1.3566,0.2853,515793.01
BNBUSDT,VOLUME,1791288239999,TIMEOUT,-0.003044,2.9764,1.5540,0.8169,631847.70
BNBUSDT,VOLUME,1791304439999,TIMEOUT,-0.007942,2.6138,1.1550,0.1551,641794.84
BNBUSDT,VOLUME,1791306359999,TIMEOUT,-0.002017,4.7352,1.3481,0.4991,1208857.26
BNBUSDT,VOLUME,1791307499999,TIMEOUT,-0.000847,4.2346,1.4844,0.4029,1509912.50
BNBUSDT,VOLUME,1791318779999,TIMEOUT,-0.002909,3.2324,0.9214,0.2486,333078.24
BNBUSDT,VOLUME,1791321479999,TIMEOUT,-0.003140,2.7375,1.0611,0.2494,350817.68
BNBUSDT,VOLUME,1791322739999,TIMEOUT,-0.004114,2.7160,0.7458,0.1171,371760.95
BNBUSDT,VOLUME,1791331319999,TIMEOUT,-0.004627,2.8642,2.5411,0.2246,534776.11
BNBUSDT,VOLUME,1791332939999,TIMEOUT,-0.004050,4.5912,2.0723,0.1075,928184.86
BNBUSDT,VOLUME,1791338039999,STOP,-0.023000,5.6682,3.5996,0.1761,1215339.77
BNBUSDT,VOLUME,1791338939999,TIMEOUT,-0.001268,4.6074,5.5006,0.5051,3581627.28
BNBUSDT,VOLUME,1791353879999,TIMEOUT,-0.005194,2.9192,0.8316,0.2602,587175.56
BNBUSDT,VOLUME,1791359039999,TIMEOUT,-0.002279,3.3216,4.4291,0.7440,692667.41
BNBUSDT,VOLUME,1791359939999,TIMEOUT,-0.007362,2.7683,1.7071,0.4878,797625.29
BNBUSDT,VOLUME,1791367679999,TIMEOUT,-0.004402,3.6507,2.0484,0.3292,1245004.68
BNBUSDT,VOLUME,1791378179999,TIMEOUT,-0.005247,4.1127,1.8164,0.5238,1121208.35
BNBUSDT,VOLUME,1791380279999,TIMEOUT,-0.003151,2.9791,1.3194,0.1417,1029231.30
BNBUSDT,VOLUME,1791405059999,TIMEOUT,-0.006290,2.5404,0.8221,0.0505,264198.83
BNBUSDT,VOLUME,1791410579999,TIMEOUT,-0.000314,2.9226,2.9749,0.5057,229783.43
BNBUSDT,VOLUME,1791412859999,TIMEOUT,-0.000409,4.7536,1.0177,0.5791,353295.90
BNBUSDT,VOLUME,1791418859999,TIMEOUT,-0.004180,8.7011,1.4181,0.9623,908031.04
BNBUSDT,VOLUME,1791421439999,TIMEOUT,-0.006769,3.3293,3.0083,0.8264,445479.67
BNBUSDT,VOLUME,1791428879999,TIMEOUT,-0.006899,3.5108,1.8115,0.1993,531261.52
BNBUSDT,VOLUME,1791429899999,TIMEOUT,-0.009948,4.7280,2.3467,0.1865,792004.47
BNBUSDT,VOLUME,1791433259999,TIMEOUT,0.004753,6.1210,5.9019,0.2242,1340146.54
BNBUSDT,VOLUME,1791453839999,TIMEOUT,-0.010849,2.9025,1.1025,0.4683,462676.82
BNBUSDT,VOLUME,1791455159999,TIMEOUT,-0.010241,2.9351,1.8806,0.2510,538609.11
BNBUSDT,VOLUME,1791457979999,TIMEOUT,-0.006265,2.6862,2.8759,0.3734,636971.46
BNBUSDT,VOLUME,1791462839999,TIMEOUT,-0.004104,2.9767,1.4483,0.0920,943484.02
BNBUSDT,VOLUME,1791464879999,TIMEOUT,-0.004684,6.8260,1.8107,0.1788,2764716.35
BNBUSDT,VOLUME,1791466979999,TIMEOUT,-0.000067,3.7188,2.3646,0.2726,1792051.93
BNBUSDT,VOLUME,1791472439999,STOP,-0.023000,2.5417,2.0490,0.2077,1176617.42
BNBUSDT,VOLUME,1791473519999,TIMEOUT,-0.009950,4.2040,2.6303,0.3084,4893832.61
BNBUSDT,VOLUME,1791503639999,TIMEOUT,-0.003144,2.8800,1.7585,0.2618,616676.86
BNBUSDT,VOLUME,1791509879999,TIMEOUT,-0.000311,3.1761,1.2528,0.2919,919298.04
BNBUSDT,VOLUME,1791514499999,TIMEOUT,-0.004012,4.0312,2.5012,0.5405,1190173.81
BNBUSDT,VOLUME,1791532859999,TIMEOUT,-0.005407,2.6927,1.6324,0.5721,460626.60
BNBUSDT,VOLUME,1791537959999,TIMEOUT,-0.003596,4.4241,1.2377,0.2462,934015.72
BNBUSDT,VOLUME,1791542939999,TIMEOUT,-0.002333,3.5731,2.1539,0.8468,715091.30
BNBUSDT,VOLUME,1791545699999,TIMEOUT,-0.002571,2.6341,2.5949,0.4518,531012.96
BNBUSDT,VOLUME,1791546599999,TIMEOUT,-0.006630,3.7587,1.9011,0.6421,887206.34
BNBUSDT,VOLUME,1791547619999,TIMEOUT,-0.004093,2.6229,1.1479,0.5515,724060.56
BNBUSDT,VOLUME,1791553559999,TIMEOUT,0.000032,2.5507,2.0907,0.2664,853346.51
BNBUSDT,VOLUME,1791559139999,TIMEOUT,0.000883,2.6294,1.1560,0.2439,676101.46
BNBUSDT,VOLUME,1791571859999,TIMEOUT,-0.008931,2.7735,2.1613,0.8235,313598.93
BNBUSDT,VOLUME,1791576239999,CENSORED,NaN,3.1688,1.8137,0.3640,412367.89
BNBUSDT,VOLUME_FLOW,1791248519999,TIMEOUT,-0.010043,4.8299,2.6960,0.6412,671972.65
BNBUSDT,VOLUME_FLOW,1791251099999,TIMEOUT,-0.006257,2.7576,1.1898,0.6118,715686.34
BNBUSDT,VOLUME_FLOW,1791279059999,TIMEOUT,-0.002352,2.7005,3.1152,0.5678,581957.92
BNBUSDT,VOLUME_FLOW,1791288239999,TIMEOUT,-0.003044,2.9764,1.5540,0.8169,631847.70
BNBUSDT,VOLUME_FLOW,1791306539999,TIMEOUT,-0.001747,12.6422,2.2007,0.6473,3121620.42
BNBUSDT,VOLUME_FLOW,1791339059999,TIMEOUT,-0.002472,3.2130,3.7006,0.5792,2681319.42
BNBUSDT,VOLUME_FLOW,1791359039999,TIMEOUT,-0.002279,3.3216,4.4291,0.7440,692667.41
BNBUSDT,VOLUME_FLOW,1791412859999,TIMEOUT,-0.000409,4.7536,1.0177,0.5791,353295.90
BNBUSDT,VOLUME_FLOW,1791418859999,TIMEOUT,-0.004180,8.7011,1.4181,0.9623,908031.04
BNBUSDT,VOLUME_FLOW,1791421439999,TIMEOUT,-0.006769,3.3293,3.0083,0.8264,445479.67
BNBUSDT,VOLUME_FLOW,1791510179999,TIMEOUT,-0.001650,2.7499,1.2809,0.5592,863674.45
BNBUSDT,VOLUME_FLOW,1791514559999,TIMEOUT,-0.004498,4.3785,2.6925,0.5563,1293496.44
BNBUSDT,VOLUME_FLOW,1791532859999,TIMEOUT,-0.005407,2.6927,1.6324,0.5721,460626.60
BNBUSDT,VOLUME_FLOW,1791542939999,TIMEOUT,-0.002333,3.5731,2.1539,0.8468,715091.30
BNBUSDT,VOLUME_FLOW,1791546419999,TIMEOUT,-0.008994,2.5945,1.6146,0.7090,603446.00
BNBUSDT,VOLUME_FLOW,1791547619999,TIMEOUT,-0.004093,2.6229,1.1479,0.5515,724060.56
BNBUSDT,VOLUME_FLOW,1791571859999,TIMEOUT,-0.008931,2.7735,2.1613,0.8235,313598.93
BNBUSDT,VOLUME_FLOW,1791576299999,CENSORED,NaN,7.3866,1.7258,0.6583,970958.90
BNBUSDT,VOLUME_TRADES,1791248459999,TIMEOUT,-0.008256,3.7511,2.0234,0.5348,521256.25
BNBUSDT,VOLUME_TRADES,1791249479999,TIMEOUT,-0.008243,4.6680,3.3451,0.3028,828314.80
BNBUSDT,VOLUME_TRADES,1791250559999,TIMEOUT,-0.004331,2.5043,2.9519,0.2939,587053.64
BNBUSDT,VOLUME_TRADES,1791266519999,TIMEOUT,-0.004486,4.8123,2.9422,0.3081,1089891.08
BNBUSDT,VOLUME_TRADES,1791278939999,TIMEOUT,-0.001597,2.8471,3.0303,0.4937,597548.32
BNBUSDT,VOLUME_TRADES,1791288299999,TIMEOUT,-0.004126,3.2387,1.8893,0.8531,691255.08
BNBUSDT,VOLUME_TRADES,1791306419999,TIMEOUT,-0.001119,8.4650,2.0226,0.5337,2146877.40
BNBUSDT,VOLUME_TRADES,1791331319999,TIMEOUT,-0.004627,2.8642,2.5411,0.2246,534776.11
BNBUSDT,VOLUME_TRADES,1791332939999,TIMEOUT,-0.004050,4.5912,2.0723,0.1075,928184.86
BNBUSDT,VOLUME_TRADES,1791338039999,STOP,-0.023000,5.6682,3.5996,0.1761,1215339.77
BNBUSDT,VOLUME_TRADES,1791338939999,TIMEOUT,-0.001268,4.6074,5.5006,0.5051,3581627.28
BNBUSDT,VOLUME_TRADES,1791359039999,TIMEOUT,-0.002279,3.3216,4.4291,0.7440,692667.41
BNBUSDT,VOLUME_TRADES,1791359999999,TIMEOUT,-0.007375,2.6989,1.8808,0.4969,789576.06
BNBUSDT,VOLUME_TRADES,1791367679999,TIMEOUT,-0.004402,3.6507,2.0484,0.3292,1245004.68
BNBUSDT,VOLUME_TRADES,1791378179999,TIMEOUT,-0.005247,4.1127,1.8164,0.5238,1121208.35
BNBUSDT,VOLUME_TRADES,1791380339999,TIMEOUT,-0.002550,7.3460,1.8136,0.1070,2538340.09
BNBUSDT,VOLUME_TRADES,1791410579999,TIMEOUT,-0.000314,2.9226,2.9749,0.5057,229783.43
BNBUSDT,VOLUME_TRADES,1791421439999,TIMEOUT,-0.006769,3.3293,3.0083,0.8264,445479.67
BNBUSDT,VOLUME_TRADES,1791428879999,TIMEOUT,-0.006899,3.5108,1.8115,0.1993,531261.52
BNBUSDT,VOLUME_TRADES,1791429899999,TIMEOUT,-0.009948,4.7280,2.3467,0.1865,792004.47
BNBUSDT,VOLUME_TRADES,1791433259999,TIMEOUT,0.004753,6.1210,5.9019,0.2242,1340146.54
BNBUSDT,VOLUME_TRADES,1791455159999,TIMEOUT,-0.010241,2.9351,1.8806,0.2510,538609.11
BNBUSDT,VOLUME_TRADES,1791457979999,TIMEOUT,-0.006265,2.6862,2.8759,0.3734,636971.46
BNBUSDT,VOLUME_TRADES,1791464879999,TIMEOUT,-0.004684,6.8260,1.8107,0.1788,2764716.35
BNBUSDT,VOLUME_TRADES,1791466979999,TIMEOUT,-0.000067,3.7188,2.3646,0.2726,1792051.93
BNBUSDT,VOLUME_TRADES,1791472439999,STOP,-0.023000,2.5417,2.0490,0.2077,1176617.42
BNBUSDT,VOLUME_TRADES,1791473519999,TIMEOUT,-0.009950,4.2040,2.6303,0.3084,4893832.61
BNBUSDT,VOLUME_TRADES,1791503699999,TIMEOUT,-0.003307,2.9687,1.9049,0.2734,626833.49
BNBUSDT,VOLUME_TRADES,1791514499999,TIMEOUT,-0.004012,4.0312,2.5012,0.5405,1190173.81
BNBUSDT,VOLUME_TRADES,1791542939999,TIMEOUT,-0.002333,3.5731,2.1539,0.8468,715091.30
BNBUSDT,VOLUME_TRADES,1791545699999,TIMEOUT,-0.002571,2.6341,2.5949,0.4518,531012.96
BNBUSDT,VOLUME_TRADES,1791546599999,TIMEOUT,-0.006630,3.7587,1.9011,0.6421,887206.34
BNBUSDT,VOLUME_TRADES,1791553559999,TIMEOUT,0.000032,2.5507,2.0907,0.2664,853346.51
BNBUSDT,VOLUME_TRADES,1791571859999,TIMEOUT,-0.008931,2.7735,2.1613,0.8235,313598.93
BNBUSDT,VOLUME_TRADES,1791576239999,CENSORED,NaN,3.1688,1.8137,0.3640,412367.89
BNBUSDT,BREAKOUT,1791309659999,TIMEOUT,-0.006577,2.2680,0.9349,0.8817,935799.78
BNBUSDT,BREAKOUT,1791358979999,TIMEOUT,-0.001851,2.1567,3.4611,0.8425,450818.32
BNBUSDT,BREAKOUT,1791387119999,TIMEOUT,-0.000060,0.4552,0.5654,0.5892,210946.06
BNBUSDT,BREAKOUT,1791483359999,TIMEOUT,0.000426,0.3420,0.6279,0.5957,372914.82
BNBUSDT,BREAKOUT,1791514379999,TIMEOUT,-0.005024,1.3009,1.2831,0.8249,385117.24
BNBUSDT,BREAKOUT,1791546419999,TIMEOUT,-0.008994,2.5945,1.6146,0.7090,603446.00
BNBUSDT,BREAKOUT,1791556259999,TIMEOUT,-0.007875,0.7902,0.5560,0.7686,210548.22
BNBUSDT,FULL_WATCH,1791248519999,TIMEOUT,-0.010043,4.8299,2.6960,0.6412,671972.65
BNBUSDT,FULL_WATCH,1791279059999,TIMEOUT,-0.002352,2.7005,3.1152,0.5678,581957.92
BNBUSDT,FULL_WATCH,1791288299999,TIMEOUT,-0.004126,3.2387,1.8893,0.8531,691255.08
BNBUSDT,FULL_WATCH,1791306539999,TIMEOUT,-0.001747,12.6422,2.2007,0.6473,3121620.42
BNBUSDT,FULL_WATCH,1791359039999,TIMEOUT,-0.002279,3.3216,4.4291,0.7440,692667.41
BNBUSDT,FULL_WATCH,1791421439999,TIMEOUT,-0.006769,3.3293,3.0083,0.8264,445479.67
BNBUSDT,FULL_WATCH,1791514559999,TIMEOUT,-0.004498,4.3785,2.6925,0.5563,1293496.44
BNBUSDT,FULL_WATCH,1791542939999,TIMEOUT,-0.002333,3.5731,2.1539,0.8468,715091.30
BNBUSDT,FULL_WATCH,1791546479999,TIMEOUT,-0.007285,3.6770,1.8302,0.6302,862561.14
BNBUSDT,FULL_WATCH,1791571859999,TIMEOUT,-0.008931,2.7735,2.1613,0.8235,313598.93
BNBUSDT,FULL_BUY,1791359099999,TIMEOUT,-0.004193,3.8832,5.4353,0.7284,822362.96
XRPUSDT,VOLUME,1791250559999,TIMEOUT,-0.008379,3.4511,1.4246,0.2204,578403.44
XRPUSDT,VOLUME,1791251459999,TIMEOUT,-0.008251,3.1690,1.5462,0.3840,661606.47
XRPUSDT,VOLUME,1791263459999,TIMEOUT,-0.014794,3.7697,3.7388,0.5589,943073.96
XRPUSDT,VOLUME,1791266579999,TIMEOUT,-0.003264,2.5910,2.9076,0.3716,691053.91
XRPUSDT,VOLUME,1791274139999,TIMEOUT,-0.002870,3.3818,3.1778,0.5012,1289799.55
XRPUSDT,VOLUME,1791277739999,TIMEOUT,-0.005194,4.0713,1.3202,0.3112,1345066.05
XRPUSDT,VOLUME,1791278639999,TIMEOUT,-0.005985,2.5291,2.3616,0.4184,927924.41
XRPUSDT,VOLUME,1791282839999,TIMEOUT,-0.001349,2.5440,1.3306,0.7861,1231199.10
XRPUSDT,VOLUME,1791285479999,TIMEOUT,-0.005386,2.5304,1.7707,0.6418,1223239.82
XRPUSDT,VOLUME,1791293759999,TIMEOUT,-0.005581,2.5999,4.2767,0.5508,1076815.31
XRPUSDT,VOLUME,1791296099999,TIMEOUT,-0.002355,3.0785,2.0548,0.5591,1555756.93
XRPUSDT,VOLUME,1791298799999,TIMEOUT,-0.016924,2.6150,1.6107,0.6854,1864680.34
XRPUSDT,VOLUME,1791313679999,TIMEOUT,-0.002535,2.7734,1.1210,0.5295,763936.04
XRPUSDT,VOLUME,1791323879999,TIMEOUT,-0.004798,3.1831,0.9694,0.8789,478077.82
XRPUSDT,VOLUME,1791329759999,TIMEOUT,-0.003465,3.1964,2.1254,0.4334,584923.73
XRPUSDT,VOLUME,1791336239999,STOP,-0.023000,2.5878,1.9507,0.4170,740907.86
XRPUSDT,VOLUME,1791337139999,STOP,-0.023000,4.9363,3.2774,0.5123,1683705.20
XRPUSDT,VOLUME,1791338099999,STOP,-0.023000,3.3987,1.7794,0.5142,1303977.49
XRPUSDT,VOLUME,1791338999999,TIMEOUT,-0.001948,3.5058,6.2285,0.6272,6266844.25
XRPUSDT,VOLUME,1791352259999,TIMEOUT,-0.001759,3.0091,1.4951,0.1974,1817879.60
XRPUSDT,VOLUME,1791353159999,TIMEOUT,-0.001691,2.5321,0.7543,0.2421,1626170.98
XRPUSDT,VOLUME,1791360659999,TIMEOUT,-0.010054,2.6042,2.0683,0.2631,857340.09
XRPUSDT,VOLUME,1791362759999,TIMEOUT,-0.011838,2.7205,1.8130,0.2284,946023.94
XRPUSDT,VOLUME,1791364739999,TIMEOUT,-0.006740,2.6489,2.0369,0.4055,1153368.37
XRPUSDT,VOLUME,1791365699999,TIMEOUT,-0.009354,2.7806,3.3124,0.4512,1504978.87
XRPUSDT,VOLUME,1791367679999,TIMEOUT,-0.002207,3.8039,3.5448,0.4098,2997391.45
XRPUSDT,VOLUME,1791380339999,TIMEOUT,-0.003300,6.5297,4.0038,0.2781,4730978.79
XRPUSDT,VOLUME,1791393959999,TIMEOUT,-0.004843,3.4478,2.2566,0.4152,2643732.89
XRPUSDT,VOLUME,1791403199999,TIMEOUT,-0.001112,3.8812,2.9880,0.4733,1870755.29
XRPUSDT,VOLUME,1791409439999,TIMEOUT,0.004372,5.0250,3.5273,0.3321,2127247.15
XRPUSDT,VOLUME,1791421619999,TIMEOUT,-0.007776,2.5948,3.0347,0.5869,706354.24
XRPUSDT,VOLUME,1791422519999,TIMEOUT,-0.004350,2.8794,2.0868,0.3691,970160.20
XRPUSDT,VOLUME,1791426419999,TIMEOUT,-0.006314,2.6693,0.8841,0.8733,1295051.34
XRPUSDT,VOLUME,1791429719999,STOP,-0.023000,2.6165,2.2188,0.3196,1488846.52
XRPUSDT,VOLUME,1791433259999,TIMEOUT,0.004514,16.1260,11.4292,0.3704,9254372.25
XRPUSDT,VOLUME,1791455159999,TIMEOUT,-0.009746,2.5628,1.9247,0.3313,1091550.09
XRPUSDT,VOLUME,1791457499999,TIMEOUT,-0.007211,2.8048,2.2301,0.6338,1407039.00
XRPUSDT,VOLUME,1791463859999,TIMEOUT,-0.002926,3.2026,3.0260,0.4107,1779691.83
XRPUSDT,VOLUME,1791466979999,TIMEOUT,0.005931,3.7850,3.1792,0.4112,2190571.81
XRPUSDT,VOLUME,1791472439999,STOP,-0.023000,2.7108,1.6643,0.5043,1874123.18
XRPUSDT,VOLUME,1791473339999,STOP,-0.023000,3.0811,2.6845,0.5440,4912307.46
XRPUSDT,VOLUME,1791497939999,TIMEOUT,-0.002843,7.0340,1.8443,0.7651,2806850.34
XRPUSDT,VOLUME,1791514439999,TIMEOUT,-0.006214,2.6337,2.4521,0.6990,1047504.60
XRPUSDT,VOLUME,1791523199999,TIMEOUT,-0.003071,2.9408,2.3219,0.7823,891937.05
XRPUSDT,VOLUME,1791524099999,TIMEOUT,-0.004783,3.1144,2.0990,0.7658,1092011.39
XRPUSDT,VOLUME,1791525059999,TIMEOUT,0.000654,2.8607,1.9934,0.2504,1200068.25
XRPUSDT,VOLUME,1791541799999,TIMEOUT,-0.013413,2.6236,1.5728,0.5601,886668.03
XRPUSDT,VOLUME,1791542699999,TIMEOUT,0.000675,3.4225,2.7970,0.4140,1348316.50
XRPUSDT,VOLUME,1791553199999,TIMEOUT,-0.002843,2.6449,4.7164,0.4239,1557329.37
XRPUSDT,VOLUME,1791571679999,TIMEOUT,-0.008174,2.5454,1.4269,0.6419,680512.35
XRPUSDT,VOLUME_FLOW,1791263459999,TIMEOUT,-0.014794,3.7697,3.7388,0.5589,943073.96
XRPUSDT,VOLUME_FLOW,1791267119999,TIMEOUT,-0.001858,3.1135,2.2683,0.6836,1013716.91
XRPUSDT,VOLUME_FLOW,1791274379999,TIMEOUT,-0.002604,2.5030,2.8742,0.5808,925734.81
XRPUSDT,VOLUME_FLOW,1791282839999,TIMEOUT,-0.001349,2.5440,1.3306,0.7861,1231199.10
XRPUSDT,VOLUME_FLOW,1791285479999,TIMEOUT,-0.005386,2.5304,1.7707,0.6418,1223239.82
XRPUSDT,VOLUME_FLOW,1791293759999,TIMEOUT,-0.005581,2.5999,4.2767,0.5508,1076815.31
XRPUSDT,VOLUME_FLOW,1791296099999,TIMEOUT,-0.002355,3.0785,2.0548,0.5591,1555756.93
XRPUSDT,VOLUME_FLOW,1791298799999,TIMEOUT,-0.016924,2.6150,1.6107,0.6854,1864680.34
XRPUSDT,VOLUME_FLOW,1791323879999,TIMEOUT,-0.004798,3.1831,0.9694,0.8789,478077.82
XRPUSDT,VOLUME_FLOW,1791329879999,TIMEOUT,-0.002797,3.7822,2.2228,0.5742,708492.79
XRPUSDT,VOLUME_FLOW,1791336479999,STOP,-0.023000,3.0257,2.3387,0.5790,930199.19
XRPUSDT,VOLUME_FLOW,1791338819999,TIMEOUT,0.003708,6.6487,12.0057,0.5610,9974049.93
XRPUSDT,VOLUME_FLOW,1791421619999,TIMEOUT,-0.007776,2.5948,3.0347,0.5869,706354.24
XRPUSDT,VOLUME_FLOW,1791426419999,TIMEOUT,-0.006314,2.6693,0.8841,0.8733,1295051.34
XRPUSDT,VOLUME_FLOW,1791433619999,TIMEOUT,-0.001018,2.5192,2.8064,0.5862,2468176.08
XRPUSDT,VOLUME_FLOW,1791457499999,TIMEOUT,-0.007211,2.8048,2.2301,0.6338,1407039.00
XRPUSDT,VOLUME_FLOW,1791497939999,TIMEOUT,-0.002843,7.0340,1.8443,0.7651,2806850.34
XRPUSDT,VOLUME_FLOW,1791514439999,TIMEOUT,-0.006214,2.6337,2.4521,0.6990,1047504.60
XRPUSDT,VOLUME_FLOW,1791523199999,TIMEOUT,-0.003071,2.9408,2.3219,0.7823,891937.05
XRPUSDT,VOLUME_FLOW,1791524099999,TIMEOUT,-0.004783,3.1144,2.0990,0.7658,1092011.39
XRPUSDT,VOLUME_FLOW,1791541799999,TIMEOUT,-0.013413,2.6236,1.5728,0.5601,886668.03
XRPUSDT,VOLUME_FLOW,1791571679999,TIMEOUT,-0.008174,2.5454,1.4269,0.6419,680512.35
XRPUSDT,VOLUME_TRADES,1791250679999,TIMEOUT,-0.008575,4.2986,1.8877,0.2210,721167.34
XRPUSDT,VOLUME_TRADES,1791263459999,TIMEOUT,-0.014794,3.7697,3.7388,0.5589,943073.96
XRPUSDT,VOLUME_TRADES,1791266579999,TIMEOUT,-0.003264,2.5910,2.9076,0.3716,691053.91
XRPUSDT,VOLUME_TRADES,1791274139999,TIMEOUT,-0.002870,3.3818,3.1778,0.5012,1289799.55
XRPUSDT,VOLUME_TRADES,1791278519999,TIMEOUT,-0.006117,2.5289,2.1539,0.4451,923773.59
XRPUSDT,VOLUME_TRADES,1791285539999,TIMEOUT,-0.004329,2.7105,1.9762,0.6159,1311817.06
XRPUSDT,VOLUME_TRADES,1791293759999,TIMEOUT,-0.005581,2.5999,4.2767,0.5508,1076815.31
XRPUSDT,VOLUME_TRADES,1791296099999,TIMEOUT,-0.002355,3.0785,2.0548,0.5591,1555756.93
XRPUSDT,VOLUME_TRADES,1791298859999,TIMEOUT,-0.016784,2.5780,1.9066,0.6447,1868077.73
XRPUSDT,VOLUME_TRADES,1791313799999,TIMEOUT,-0.001934,5.0755,1.8972,0.4523,1375095.46
XRPUSDT,VOLUME_TRADES,1791324299999,TIMEOUT,-0.006327,2.9964,2.4733,0.5637,487277.00
XRPUSDT,VOLUME_TRADES,1791329759999,TIMEOUT,-0.003465,3.1964,2.1254,0.4334,584923.73
XRPUSDT,VOLUME_TRADES,1791336239999,STOP,-0.023000,2.5878,1.9507,0.4170,740907.86
XRPUSDT,VOLUME_TRADES,1791337139999,STOP,-0.023000,4.9363,3.2774,0.5123,1683705.20
XRPUSDT,VOLUME_TRADES,1791338159999,STOP,-0.023000,3.8880,2.3640,0.5374,1481505.45
XRPUSDT,VOLUME_TRADES,1791339059999,TIMEOUT,-0.004272,2.9008,4.7461,0.6355,5349312.23
XRPUSDT,VOLUME_TRADES,1791360659999,TIMEOUT,-0.010054,2.6042,2.0683,0.2631,857340.09
XRPUSDT,VOLUME_TRADES,1791362759999,TIMEOUT,-0.011838,2.7205,1.8130,0.2284,946023.94
XRPUSDT,VOLUME_TRADES,1791364739999,TIMEOUT,-0.006740,2.6489,2.0369,0.4055,1153368.37
XRPUSDT,VOLUME_TRADES,1791365699999,TIMEOUT,-0.009354,2.7806,3.3124,0.4512,1504978.87
XRPUSDT,VOLUME_TRADES,1791367679999,TIMEOUT,-0.002207,3.8039,3.5448,0.4098,2997391.45
XRPUSDT,VOLUME_TRADES,1791380339999,TIMEOUT,-0.003300,6.5297,4.0038,0.2781,4730978.79
XRPUSDT,VOLUME_TRADES,1791393959999,TIMEOUT,-0.004843,3.4478,2.2566,0.4152,2643732.89
XRPUSDT,VOLUME_TRADES,1791403199999,TIMEOUT,-0.001112,3.8812,2.9880,0.4733,1870755.29
XRPUSDT,VOLUME_TRADES,1791409439999,TIMEOUT,0.004372,5.0250,3.5273,0.3321,2127247.15
XRPUSDT,VOLUME_TRADES,1791421619999,TIMEOUT,-0.007776,2.5948,3.0347,0.5869,706354.24
XRPUSDT,VOLUME_TRADES,1791422519999,TIMEOUT,-0.004350,2.8794,2.0868,0.3691,970160.20
XRPUSDT,VOLUME_TRADES,1791429719999,STOP,-0.023000,2.6165,2.2188,0.3196,1488846.52
XRPUSDT,VOLUME_TRADES,1791433259999,TIMEOUT,0.004514,16.1260,11.4292,0.3704,9254372.25
XRPUSDT,VOLUME_TRADES,1791455159999,TIMEOUT,-0.009746,2.5628,1.9247,0.3313,1091550.09
XRPUSDT,VOLUME_TRADES,1791457499999,TIMEOUT,-0.007211,2.8048,2.2301,0.6338,1407039.00
XRPUSDT,VOLUME_TRADES,1791463859999,TIMEOUT,-0.002926,3.2026,3.0260,0.4107,1779691.83
XRPUSDT,VOLUME_TRADES,1791466979999,TIMEOUT,0.005931,3.7850,3.1792,0.4112,2190571.81
XRPUSDT,VOLUME_TRADES,1791472499999,STOP,-0.023000,4.9994,2.6598,0.4078,3447605.51
XRPUSDT,VOLUME_TRADES,1791473399999,TIMEOUT,-0.003335,2.6776,2.0351,0.5154,4418295.27
XRPUSDT,VOLUME_TRADES,1791497939999,TIMEOUT,-0.002843,7.0340,1.8443,0.7651,2806850.34
XRPUSDT,VOLUME_TRADES,1791514439999,TIMEOUT,-0.006214,2.6337,2.4521,0.6990,1047504.60
XRPUSDT,VOLUME_TRADES,1791523199999,TIMEOUT,-0.003071,2.9408,2.3219,0.7823,891937.05
XRPUSDT,VOLUME_TRADES,1791524099999,TIMEOUT,-0.004783,3.1144,2.0990,0.7658,1092011.39
XRPUSDT,VOLUME_TRADES,1791525059999,TIMEOUT,0.000654,2.8607,1.9934,0.2504,1200068.25
XRPUSDT,VOLUME_TRADES,1791541859999,TIMEOUT,-0.014403,3.1651,1.9506,0.5315,1097051.66
XRPUSDT,VOLUME_TRADES,1791542759999,TIMEOUT,0.001534,3.2381,3.0025,0.4132,1297499.58
XRPUSDT,VOLUME_TRADES,1791553199999,TIMEOUT,-0.002843,2.6449,4.7164,0.4239,1557329.37
XRPUSDT,VOLUME_TRADES,1791571859999,TIMEOUT,-0.012103,3.8628,1.8219,0.7644,1049509.58
XRPUSDT,BREAKOUT,1791248459999,TIMEOUT,-0.011930,1.0560,0.9451,0.5604,188787.17
XRPUSDT,BREAKOUT,1791263279999,TIMEOUT,-0.012096,1.3310,1.6797,0.6027,339384.01
XRPUSDT,BREAKOUT,1791278459999,TIMEOUT,-0.006910,2.2087,1.8130,0.4365,804848.40
XRPUSDT,BREAKOUT,1791285419999,TIMEOUT,-0.004395,2.3291,1.6899,0.6670,1130523.42
XRPUSDT,BREAKOUT,1791309719999,TIMEOUT,-0.009028,0.4297,0.9149,0.7226,248372.31
XRPUSDT,BREAKOUT,1791349319999,TIMEOUT,-0.000318,0.5009,0.4631,0.8116,369293.70
XRPUSDT,BREAKOUT,1791355319999,TIMEOUT,-0.006839,0.5421,1.0850,0.6538,320410.45
XRPUSDT,BREAKOUT,1791375119999,TIMEOUT,-0.008614,0.6615,0.7206,0.5392,556911.04
XRPUSDT,BREAKOUT,1791386039999,TIMEOUT,-0.001208,0.6892,1.0629,0.4560,729608.16
XRPUSDT,BREAKOUT,1791396179999,TIMEOUT,-0.001190,0.8346,0.8262,0.5826,795766.12
XRPUSDT,BREAKOUT,1791421559999,TIMEOUT,-0.007217,2.1156,2.8629,0.6212,574139.04
XRPUSDT,BREAKOUT,1791436379999,TIMEOUT,-0.006199,0.4082,0.4971,0.4603,449794.68
XRPUSDT,BREAKOUT,1791442499999,TIMEOUT,-0.004212,1.2355,0.7358,0.5399,851730.24
XRPUSDT,BREAKOUT,1791444179999,TIMEOUT,-0.005413,1.5604,1.0628,0.5348,1119549.77
XRPUSDT,BREAKOUT,1791451979999,TIMEOUT,-0.011824,0.8915,1.0066,0.7719,353677.23
XRPUSDT,BREAKOUT,1791469259999,STOP,-0.023000,0.6002,0.8119,0.4342,451938.00
XRPUSDT,BREAKOUT,1791476339999,TIMEOUT,-0.019864,1.1302,1.2809,0.5759,3033055.30
XRPUSDT,BREAKOUT,1791483179999,TIMEOUT,0.017585,0.3478,0.4246,0.6570,533974.62
XRPUSDT,BREAKOUT,1791484799999,TIMEOUT,0.005699,0.7963,0.6070,0.6327,1033305.95
XRPUSDT,BREAKOUT,1791486299999,TIMEOUT,0.003024,0.5707,0.5633,0.4705,720069.49
XRPUSDT,BREAKOUT,1791488339999,TIMEOUT,-0.001962,0.7957,1.1308,0.4606,689862.43
XRPUSDT,BREAKOUT,1791514379999,TIMEOUT,-0.004643,1.6939,1.2772,0.7182,672111.68
XRPUSDT,BREAKOUT,1791523139999,TIMEOUT,-0.002713,2.1147,1.5416,0.8421,655933.69
XRPUSDT,BREAKOUT,1791545999999,TIMEOUT,-0.008358,0.8110,1.2562,0.6426,497589.32
XRPUSDT,BREAKOUT,1791555719999,TIMEOUT,-0.010183,1.0773,1.1837,0.4415,635726.02
XRPUSDT,BREAKOUT,1791571859999,TIMEOUT,-0.012103,3.8628,1.8219,0.7644,1049509.58
XRPUSDT,BREAKOUT,1791576119999,CENSORED,NaN,2.0326,1.6692,0.6171,532154.06
XRPUSDT,FULL_WATCH,1791263459999,TIMEOUT,-0.014794,3.7697,3.7388,0.5589,943073.96
XRPUSDT,FULL_WATCH,1791274379999,TIMEOUT,-0.002604,2.5030,2.8742,0.5808,925734.81
XRPUSDT,FULL_WATCH,1791285539999,TIMEOUT,-0.004329,2.7105,1.9762,0.6159,1311817.06
XRPUSDT,FULL_WATCH,1791293759999,TIMEOUT,-0.005581,2.5999,4.2767,0.5508,1076815.31
XRPUSDT,FULL_WATCH,1791296099999,TIMEOUT,-0.002355,3.0785,2.0548,0.5591,1555756.93
XRPUSDT,FULL_WATCH,1791298859999,TIMEOUT,-0.016784,2.5780,1.9066,0.6447,1868077.73
XRPUSDT,FULL_WATCH,1791324299999,TIMEOUT,-0.006327,2.9964,2.4733,0.5637,487277.00
XRPUSDT,FULL_WATCH,1791329879999,TIMEOUT,-0.002797,3.7822,2.2228,0.5742,708492.79
XRPUSDT,FULL_WATCH,1791336479999,STOP,-0.023000,3.0257,2.3387,0.5790,930199.19
XRPUSDT,FULL_WATCH,1791421619999,TIMEOUT,-0.007776,2.5948,3.0347,0.5869,706354.24
XRPUSDT,FULL_WATCH,1791457499999,TIMEOUT,-0.007211,2.8048,2.2301,0.6338,1407039.00
XRPUSDT,FULL_WATCH,1791497939999,TIMEOUT,-0.002843,7.0340,1.8443,0.7651,2806850.34
XRPUSDT,FULL_WATCH,1791514439999,TIMEOUT,-0.006214,2.6337,2.4521,0.6990,1047504.60
XRPUSDT,FULL_WATCH,1791523199999,TIMEOUT,-0.003071,2.9408,2.3219,0.7823,891937.05
XRPUSDT,FULL_WATCH,1791524099999,TIMEOUT,-0.004783,3.1144,2.0990,0.7658,1092011.39
XRPUSDT,FULL_WATCH,1791541979999,TIMEOUT,-0.010497,2.6216,1.8934,0.5745,933154.64
XRPUSDT,FULL_WATCH,1791571859999,TIMEOUT,-0.012103,3.8628,1.8219,0.7644,1049509.58
XRPUSDT,FULL_BUY,1791263459999,TIMEOUT,-0.014794,3.7697,3.7388,0.5589,943073.96
XRPUSDT,FULL_BUY,1791514439999,TIMEOUT,-0.006214,2.6337,2.4521,0.6990,1047504.60
XRPUSDT,FULL_BUY,1791571859999,TIMEOUT,-0.012103,3.8628,1.8219,0.7644,1049509.58
ADAUSDT,VOLUME,1791247259999,TIMEOUT,-0.005485,2.8887,2.7987,0.3124,400407.71
ADAUSDT,VOLUME,1791258059999,TIMEOUT,0.008028,2.5371,1.7367,0.5494,193402.06
ADAUSDT,VOLUME,1791261839999,TIMEOUT,-0.002887,2.9652,2.4125,0.5102,222971.62
ADAUSDT,VOLUME,1791262739999,TIMEOUT,-0.009181,2.9151,1.8815,0.5737,294097.16
ADAUSDT,VOLUME,1791263639999,TIMEOUT,-0.017236,3.7382,2.3270,0.5575,465702.57
ADAUSDT,VOLUME,1791266339999,TIMEOUT,0.001584,3.0061,1.5623,0.0927,454638.65
ADAUSDT,VOLUME,1791272879999,TIMEOUT,-0.004364,3.5846,3.9050,0.6771,584402.80
ADAUSDT,VOLUME,1791277499999,TIMEOUT,0.003635,2.5017,2.7465,0.6610,548525.09
ADAUSDT,VOLUME,1791278999999,TIMEOUT,0.005453,2.8021,3.3103,0.3767,1328571.30
ADAUSDT,VOLUME,1791286139999,TIMEOUT,-0.009376,3.0872,1.5904,0.4799,911830.90
ADAUSDT,VOLUME,1791293999999,TIMEOUT,-0.005813,3.6086,2.5127,0.6358,804366.01
ADAUSDT,VOLUME,1791295859999,TIMEOUT,0.000384,2.8743,2.2628,0.2289,717118.40
ADAUSDT,VOLUME,1791303959999,TIMEOUT,-0.005830,2.7899,1.3315,0.4961,515238.08
ADAUSDT,VOLUME,1791304859999,TIMEOUT,0.000421,3.7236,2.6006,0.4003,743932.23
ADAUSDT,VOLUME,1791305759999,TIMEOUT,-0.003999,2.5221,1.9988,0.7148,714644.26
ADAUSDT,VOLUME,1791314339999,TIMEOUT,-0.001039,3.9112,2.7329,0.2871,472850.06
ADAUSDT,VOLUME,1791322139999,TIMEOUT,-0.009191,2.6144,1.3410,0.2306,191506.36
ADAUSDT,VOLUME,1791323579999,TIMEOUT,-0.007720,2.7047,2.1485,0.3861,221121.45
ADAUSDT,VOLUME,1791333119999,TIMEOUT,-0.010749,2.7703,2.3035,0.1969,244204.47
ADAUSDT,VOLUME,1791335999999,STOP,-0.023000,3.7895,3.8115,0.2521,379436.42
ADAUSDT,VOLUME,1791337139999,STOP,-0.023000,2.8472,2.7455,0.4234,340382.64
ADAUSDT,VOLUME,1791338339999,STOP,-0.023000,3.6434,3.7783,0.2913,561763.64
ADAUSDT,VOLUME,1791350459999,TIMEOUT,-0.001659,2.6654,1.5029,0.5112,689541.99
ADAUSDT,VOLUME,1791367679999,TIMEOUT,-0.001639,3.5740,4.6605,0.4063,507717.64
ADAUSDT,VOLUME,1791380879999,TIMEOUT,0.000770,2.8338,2.7190,0.3321,398917.25
ADAUSDT,VOLUME,1791381779999,TIMEOUT,-0.010294,3.0740,1.8893,0.1454,549120.92
ADAUSDT,VOLUME,1791388559999,TIMEOUT,-0.003219,2.9371,2.3651,0.7708,533737.39
ADAUSDT,VOLUME,1791391379999,TIMEOUT,-0.014498,2.9707,1.3741,0.2987,574648.40
ADAUSDT,VOLUME,1791405419999,TIMEOUT,-0.005570,3.2165,2.3706,0.3275,208735.44
ADAUSDT,VOLUME,1791407279999,TIMEOUT,-0.007526,3.9344,1.5727,0.7608,242422.77
ADAUSDT,VOLUME,1791409019999,TIMEOUT,-0.001637,3.1830,2.3245,0.3098,215529.16
ADAUSDT,VOLUME,1791418679999,TIMEOUT,-0.000112,2.6619,2.4251,0.7345,127161.99
ADAUSDT,VOLUME,1791421799999,TIMEOUT,-0.009437,2.5274,2.2895,0.5456,157015.52
ADAUSDT,VOLUME,1791428459999,TIMEOUT,-0.017557,3.2833,1.1412,0.9485,298509.13
ADAUSDT,VOLUME,1791433259999,TIMEOUT,0.011125,12.8739,11.1487,0.3244,1550923.16
ADAUSDT,VOLUME,1791440999999,TIMEOUT,0.006345,2.5268,1.3142,0.1777,351659.64
ADAUSDT,VOLUME,1791444419999,TIMEOUT,-0.009118,3.1387,1.6279,0.6550,373825.56
ADAUSDT,VOLUME,1791446579999,TIMEOUT,0.001159,2.6821,1.7224,0.7434,312500.75
ADAUSDT,VOLUME,1791452879999,TIMEOUT,-0.017329,3.1822,2.0681,0.3368,317210.65
ADAUSDT,VOLUME,1791456479999,TIMEOUT,-0.008372,2.7691,1.9734,0.3745,243461.66
ADAUSDT,VOLUME,1791457919999,TIMEOUT,-0.011573,4.2336,3.4048,0.2557,493243.03
ADAUSDT,VOLUME,1791461039999,TIMEOUT,-0.012424,2.5117,2.3501,0.4001,327656.80
ADAUSDT,VOLUME,1791463499999,TIMEOUT,-0.007636,4.3911,2.8363,0.5382,628883.03
ADAUSDT,VOLUME,1791467099999,TIMEOUT,0.000463,2.5971,2.7889,0.5382,518965.54
ADAUSDT,VOLUME,1791472319999,STOP,-0.023000,3.0426,2.3899,0.3767,445782.39
ADAUSDT,VOLUME,1791473219999,STOP,-0.023000,13.3634,9.1344,0.4389,3812468.15
ADAUSDT,VOLUME,1791474119999,TIMEOUT,-0.006999,2.9566,2.2852,0.5038,1676611.67
ADAUSDT,VOLUME,1791512519999,TIMEOUT,0.007577,2.6368,2.1338,0.5851,206241.39
ADAUSDT,VOLUME,1791514499999,TIMEOUT,0.000683,2.9278,2.4991,0.5259,252894.15
ADAUSDT,VOLUME,1791522239999,TIMEOUT,0.007049,2.5694,1.0248,0.8646,314370.08
ADAUSDT,VOLUME,1791529979999,TIMEOUT,-0.001082,2.7189,1.3925,0.5814,347311.37
ADAUSDT,VOLUME,1791532799999,TIMEOUT,-0.003582,3.0945,1.2368,0.1394,344572.53
ADAUSDT,VOLUME,1791533939999,TIMEOUT,-0.010248,8.6912,3.3461,0.3947,1095762.06
ADAUSDT,VOLUME,1791542219999,TIMEOUT,0.000636,2.5497,4.1420,0.2958,151066.91
ADAUSDT,VOLUME,1791545819999,TIMEOUT,-0.002321,2.5727,2.7156,0.7099,193864.77
ADAUSDT,VOLUME,1791546719999,TIMEOUT,-0.016881,3.2389,2.7883,0.4801,283295.91
ADAUSDT,VOLUME,1791549959999,TIMEOUT,-0.009040,2.6549,0.9931,0.5628,320089.99
ADAUSDT,VOLUME,1791553319999,TIMEOUT,-0.001042,3.3557,2.1325,0.5285,400104.09
ADAUSDT,VOLUME,1791557639999,TIMEOUT,-0.007778,2.8877,1.1346,0.4461,339592.89
ADAUSDT,VOLUME,1791558539999,TIMEOUT,0.006165,2.5617,1.1995,0.4564,331130.14
ADAUSDT,VOLUME,1791567359999,TIMEOUT,-0.011135,2.6129,1.3629,0.4572,143718.33
ADAUSDT,VOLUME,1791571859999,TIMEOUT,-0.015742,2.9806,2.2707,0.5811,122733.88
ADAUSDT,VOLUME,1791575219999,CENSORED,NaN,2.7520,1.0426,0.8153,102740.21
ADAUSDT,VOLUME,1791576239999,CENSORED,NaN,3.3936,1.7219,0.4109,183104.97
ADAUSDT,VOLUME_FLOW,1791258119999,TIMEOUT,0.009526,2.7173,1.8248,0.5541,200072.89
ADAUSDT,VOLUME_FLOW,1791261899999,TIMEOUT,-0.002886,2.8895,2.2118,0.7814,228895.14
ADAUSDT,VOLUME_FLOW,1791263399999,STOP,-0.023000,2.5661,2.5208,0.7467,303559.61
ADAUSDT,VOLUME_FLOW,1791272879999,TIMEOUT,-0.004364,3.5846,3.9050,0.6771,584402.80
ADAUSDT,VOLUME_FLOW,1791277499999,TIMEOUT,0.003635,2.5017,2.7465,0.6610,548525.09
ADAUSDT,VOLUME_FLOW,1791293999999,TIMEOUT,-0.005813,3.6086,2.5127,0.6358,804366.01
ADAUSDT,VOLUME_FLOW,1791305219999,TIMEOUT,-0.001798,5.1994,2.2927,0.5633,1226066.66
ADAUSDT,VOLUME_FLOW,1791324059999,TIMEOUT,-0.007343,2.5467,1.3926,0.7014,221417.11
ADAUSDT,VOLUME_FLOW,1791333719999,TIMEOUT,-0.015224,2.5987,1.1106,0.5925,241977.59
ADAUSDT,VOLUME_FLOW,1791337499999,STOP,-0.023000,2.9414,1.3955,0.6176,377833.90
ADAUSDT,VOLUME_FLOW,1791339059999,TIMEOUT,-0.012204,4.0276,4.1539,0.5539,1815744.85
ADAUSDT,VOLUME_FLOW,1791350819999,TIMEOUT,-0.001658,3.6089,2.2165,0.6459,907029.99
ADAUSDT,VOLUME_FLOW,1791381239999,TIMEOUT,-0.013789,2.5147,2.5391,0.5537,401069.06
ADAUSDT,VOLUME_FLOW,1791388559999,TIMEOUT,-0.003219,2.9371,2.3651,0.7708,533737.39
ADAUSDT,VOLUME_FLOW,1791407279999,TIMEOUT,-0.007526,3.9344,1.5727,0.7608,242422.77
ADAUSDT,VOLUME_FLOW,1791418679999,TIMEOUT,-0.000112,2.6619,2.4251,0.7345,127161.99
ADAUSDT,VOLUME_FLOW,1791422099999,TIMEOUT,-0.010982,2.5333,1.1808,0.5577,168427.15
ADAUSDT,VOLUME_FLOW,1791428459999,TIMEOUT,-0.017557,3.2833,1.1412,0.9485,298509.13
ADAUSDT,VOLUME_FLOW,1791444419999,TIMEOUT,-0.009118,3.1387,1.6279,0.6550,373825.56
ADAUSDT,VOLUME_FLOW,1791446579999,TIMEOUT,0.001159,2.6821,1.7224,0.7434,312500.75
ADAUSDT,VOLUME_FLOW,1791456779999,TIMEOUT,-0.009163,3.1067,2.2921,0.6537,302960.08
ADAUSDT,VOLUME_FLOW,1791464099999,TIMEOUT,-0.005615,3.4079,3.0988,0.5588,574208.51
ADAUSDT,VOLUME_FLOW,1791512519999,TIMEOUT,0.007577,2.6368,2.1338,0.5851,206241.39
ADAUSDT,VOLUME_FLOW,1791522239999,TIMEOUT,0.007049,2.5694,1.0248,0.8646,314370.08
ADAUSDT,VOLUME_FLOW,1791529979999,TIMEOUT,-0.001082,2.7189,1.3925,0.5814,347311.37
ADAUSDT,VOLUME_FLOW,1791542819999,TIMEOUT,0.012413,5.5198,4.0283,0.5959,383118.59
ADAUSDT,VOLUME_FLOW,1791545819999,TIMEOUT,-0.002321,2.5727,2.7156,0.7099,193864.77
ADAUSDT,VOLUME_FLOW,1791547379999,TIMEOUT,-0.009831,2.6131,2.0860,0.6583,262494.39
ADAUSDT,VOLUME_FLOW,1791549959999,TIMEOUT,-0.009040,2.6549,0.9931,0.5628,320089.99
ADAUSDT,VOLUME_FLOW,1791553439999,TIMEOUT,0.000225,2.7917,1.4368,0.7381,344845.81
ADAUSDT,VOLUME_FLOW,1791571859999,TIMEOUT,-0.015742,2.9806,2.2707,0.5811,122733.88
ADAUSDT,VOLUME_FLOW,1791575219999,CENSORED,NaN,2.7520,1.0426,0.8153,102740.21
ADAUSDT,VOLUME_TRADES,1791247259999,TIMEOUT,-0.005485,2.8887,2.7987,0.3124,400407.71
ADAUSDT,VOLUME_TRADES,1791258119999,TIMEOUT,0.009526,2.7173,1.8248,0.5541,200072.89
ADAUSDT,VOLUME_TRADES,1791261839999,TIMEOUT,-0.002887,2.9652,2.4125,0.5102,222971.62
ADAUSDT,VOLUME_TRADES,1791262739999,TIMEOUT,-0.009181,2.9151,1.8815,0.5737,294097.16
ADAUSDT,VOLUME_TRADES,1791263639999,TIMEOUT,-0.017236,3.7382,2.3270,0.5575,465702.57
ADAUSDT,VOLUME_TRADES,1791266519999,TIMEOUT,0.003470,3.4020,2.4645,0.2047,521884.11
ADAUSDT,VOLUME_TRADES,1791272879999,TIMEOUT,-0.004364,3.5846,3.9050,0.6771,584402.80
ADAUSDT,VOLUME_TRADES,1791277499999,TIMEOUT,0.003635,2.5017,2.7465,0.6610,548525.09
ADAUSDT,VOLUME_TRADES,1791278999999,TIMEOUT,0.005453,2.8021,3.3103,0.3767,1328571.30
ADAUSDT,VOLUME_TRADES,1791286199999,TIMEOUT,-0.009372,3.6839,1.8612,0.4633,1080954.68
ADAUSDT,VOLUME_TRADES,1791293999999,TIMEOUT,-0.005813,3.6086,2.5127,0.6358,804366.01
ADAUSDT,VOLUME_TRADES,1791295859999,TIMEOUT,0.000384,2.8743,2.2628,0.2289,717118.40
ADAUSDT,VOLUME_TRADES,1791304799999,TIMEOUT,0.000784,2.6838,2.4594,0.4850,532170.57
ADAUSDT,VOLUME_TRADES,1791305699999,TIMEOUT,-0.003633,2.6294,2.1064,0.7639,738941.67
ADAUSDT,VOLUME_TRADES,1791314339999,TIMEOUT,-0.001039,3.9112,2.7329,0.2871,472850.06
ADAUSDT,VOLUME_TRADES,1791322199999,TIMEOUT,-0.009563,3.6795,2.0772,0.2481,268292.94
ADAUSDT,VOLUME_TRADES,1791323579999,TIMEOUT,-0.007720,2.7047,2.1485,0.3861,221121.45
ADAUSDT,VOLUME_TRADES,1791333119999,TIMEOUT,-0.010749,2.7703,2.3035,0.1969,244204.47
ADAUSDT,VOLUME_TRADES,1791335999999,STOP,-0.023000,3.7895,3.8115,0.2521,379436.42
ADAUSDT,VOLUME_TRADES,1791337139999,STOP,-0.023000,2.8472,2.7455,0.4234,340382.64
ADAUSDT,VOLUME_TRADES,1791338339999,STOP,-0.023000,3.6434,3.7783,0.2913,561763.64
ADAUSDT,VOLUME_TRADES,1791350819999,TIMEOUT,-0.001658,3.6089,2.2165,0.6459,907029.99
ADAUSDT,VOLUME_TRADES,1791367679999,TIMEOUT,-0.001639,3.5740,4.6605,0.4063,507717.64
ADAUSDT,VOLUME_TRADES,1791380879999,TIMEOUT,0.000770,2.8338,2.7190,0.3321,398917.25
ADAUSDT,VOLUME_TRADES,1791381779999,TIMEOUT,-0.010294,3.0740,1.8893,0.1454,549120.92
ADAUSDT,VOLUME_TRADES,1791388559999,TIMEOUT,-0.003219,2.9371,2.3651,0.7708,533737.39
ADAUSDT,VOLUME_TRADES,1791405419999,TIMEOUT,-0.005570,3.2165,2.3706,0.3275,208735.44
ADAUSDT,VOLUME_TRADES,1791409019999,TIMEOUT,-0.001637,3.1830,2.3245,0.3098,215529.16
ADAUSDT,VOLUME_TRADES,1791418679999,TIMEOUT,-0.000112,2.6619,2.4251,0.7345,127161.99
ADAUSDT,VOLUME_TRADES,1791421799999,TIMEOUT,-0.009437,2.5274,2.2895,0.5456,157015.52
ADAUSDT,VOLUME_TRADES,1791428819999,TIMEOUT,-0.002035,4.4278,3.7207,0.3247,430907.53
ADAUSDT,VOLUME_TRADES,1791433259999,TIMEOUT,0.011125,12.8739,11.1487,0.3244,1550923.16
ADAUSDT,VOLUME_TRADES,1791446639999,TIMEOUT,0.000358,2.9924,1.9846,0.7943,347168.54
ADAUSDT,VOLUME_TRADES,1791452879999,TIMEOUT,-0.017329,3.1822,2.0681,0.3368,317210.65
ADAUSDT,VOLUME_TRADES,1791456479999,TIMEOUT,-0.008372,2.7691,1.9734,0.3745,243461.66
ADAUSDT,VOLUME_TRADES,1791457919999,TIMEOUT,-0.011573,4.2336,3.4048,0.2557,493243.03
ADAUSDT,VOLUME_TRADES,1791461039999,TIMEOUT,-0.012424,2.5117,2.3501,0.4001,327656.80
ADAUSDT,VOLUME_TRADES,1791463499999,TIMEOUT,-0.007636,4.3911,2.8363,0.5382,628883.03
ADAUSDT,VOLUME_TRADES,1791467099999,TIMEOUT,0.000463,2.5971,2.7889,0.5382,518965.54
ADAUSDT,VOLUME_TRADES,1791472319999,STOP,-0.023000,3.0426,2.3899,0.3767,445782.39
ADAUSDT,VOLUME_TRADES,1791473219999,STOP,-0.023000,13.3634,9.1344,0.4389,3812468.15
ADAUSDT,VOLUME_TRADES,1791474119999,TIMEOUT,-0.006999,2.9566,2.2852,0.5038,1676611.67
ADAUSDT,VOLUME_TRADES,1791512519999,TIMEOUT,0.007577,2.6368,2.1338,0.5851,206241.39
ADAUSDT,VOLUME_TRADES,1791514499999,TIMEOUT,0.000683,2.9278,2.4991,0.5259,252894.15
ADAUSDT,VOLUME_TRADES,1791533939999,TIMEOUT,-0.010248,8.6912,3.3461,0.3947,1095762.06
ADAUSDT,VOLUME_TRADES,1791542219999,TIMEOUT,0.000636,2.5497,4.1420,0.2958,151066.91
ADAUSDT,VOLUME_TRADES,1791545819999,TIMEOUT,-0.002321,2.5727,2.7156,0.7099,193864.77
ADAUSDT,VOLUME_TRADES,1791546719999,TIMEOUT,-0.016881,3.2389,2.7883,0.4801,283295.91
ADAUSDT,VOLUME_TRADES,1791553319999,TIMEOUT,-0.001042,3.3557,2.1325,0.5285,400104.09
ADAUSDT,VOLUME_TRADES,1791571859999,TIMEOUT,-0.015742,2.9806,2.2707,0.5811,122733.88
ADAUSDT,VOLUME_TRADES,1791576359999,CENSORED,NaN,3.6622,1.8395,0.3936,199648.63
ADAUSDT,BREAKOUT,1791248459999,TIMEOUT,-0.017613,1.1038,1.2981,0.4634,182042.30
ADAUSDT,BREAKOUT,1791253439999,TIMEOUT,-0.009570,0.5863,0.5725,0.4938,85196.82
ADAUSDT,BREAKOUT,1791259679999,TIMEOUT,0.009440,1.0173,1.0408,0.2493,82126.93
ADAUSDT,BREAKOUT,1791260819999,TIMEOUT,0.007176,1.4058,1.3469,0.7052,109653.01
ADAUSDT,BREAKOUT,1791263279999,TIMEOUT,-0.020201,1.9273,1.8406,0.6589,220248.99
ADAUSDT,BREAKOUT,1791269099999,TIMEOUT,0.001923,1.7342,1.3613,0.4275,328233.22
ADAUSDT,BREAKOUT,1791272039999,TIMEOUT,0.001526,0.6635,1.0397,0.5648,102659.55
ADAUSDT,BREAKOUT,1791278099999,STOP,-0.023000,16.6339,17.4656,0.6135,4166358.90
ADAUSDT,BREAKOUT,1791285779999,TIMEOUT,-0.009007,1.0680,1.0529,0.5797,330470.19
ADAUSDT,BREAKOUT,1791304019999,TIMEOUT,-0.005829,3.1835,1.4864,0.4634,580696.52
ADAUSDT,BREAKOUT,1791318779999,TIMEOUT,-0.012453,0.2041,0.6006,0.6278,21668.22
ADAUSDT,BREAKOUT,1791344939999,TIMEOUT,-0.007917,0.2909,0.2699,0.4895,225822.24
ADAUSDT,BREAKOUT,1791349319999,TIMEOUT,0.003039,0.4608,0.8212,0.6538,124964.02
ADAUSDT,BREAKOUT,1791352139999,TIMEOUT,-0.002835,0.3078,0.6008,0.7896,86660.60
ADAUSDT,BREAKOUT,1791355319999,TIMEOUT,-0.007093,0.3531,0.6803,0.6144,87151.58
ADAUSDT,BREAKOUT,1791361979999,TIMEOUT,-0.019475,0.3857,0.6154,0.5577,59289.66
ADAUSDT,BREAKOUT,1791367079999,TIMEOUT,-0.003999,0.8922,0.8337,0.2711,129349.23
ADAUSDT,BREAKOUT,1791376559999,TIMEOUT,-0.012974,1.5928,1.4752,0.6742,166693.54
ADAUSDT,BREAKOUT,1791381119999,TIMEOUT,-0.012625,4.2950,3.8817,0.3756,616242.92
ADAUSDT,BREAKOUT,1791386039999,TIMEOUT,0.009389,0.5148,0.8423,0.7748,106336.40
ADAUSDT,BREAKOUT,1791387119999,TIMEOUT,0.009358,0.5583,0.7430,0.6427,114336.10
ADAUSDT,BREAKOUT,1791388259999,TIMEOUT,0.001473,0.6125,0.7662,0.5416,123808.31
ADAUSDT,BREAKOUT,1791389159999,TIMEOUT,-0.005164,1.8698,2.0252,0.4570,320771.20
ADAUSDT,BREAKOUT,1791396299999,TIMEOUT,-0.004777,0.7821,1.1589,0.7675,136887.62
ADAUSDT,BREAKOUT,1791399119999,TIMEOUT,-0.009827,0.7003,0.7410,0.3745,82157.95
ADAUSDT,BREAKOUT,1791418079999,TIMEOUT,0.002242,2.0923,2.2038,0.4168,92293.32
ADAUSDT,BREAKOUT,1791421559999,TIMEOUT,-0.010204,1.7252,2.0338,0.7362,104368.34
ADAUSDT,BREAKOUT,1791436379999,TIMEOUT,-0.007536,0.3371,0.4788,0.5079,72966.32
ADAUSDT,BREAKOUT,1791442319999,TIMEOUT,-0.005580,0.2096,0.5164,0.5341,27357.69
ADAUSDT,BREAKOUT,1791444119999,TIMEOUT,-0.010292,0.6891,1.0893,0.8245,81548.19
ADAUSDT,BREAKOUT,1791450179999,TIMEOUT,0.001525,0.3105,0.8502,0.8655,37200.91
ADAUSDT,BREAKOUT,1791452759999,TIMEOUT,-0.011448,1.5438,1.4441,0.4408,153395.30
ADAUSDT,BREAKOUT,1791468359999,TIMEOUT,-0.016059,0.3825,0.6636,0.5646,87566.14
ADAUSDT,BREAKOUT,1791483359999,TIMEOUT,0.005235,0.3627,0.5442,0.6524,182241.97
ADAUSDT,BREAKOUT,1791488339999,TIMEOUT,0.006340,1.2047,1.3502,0.3478,384725.31
ADAUSDT,BREAKOUT,1791490379999,TIMEOUT,-0.001862,1.1914,1.4226,0.5452,374096.92
ADAUSDT,BREAKOUT,1791497519999,TIMEOUT,-0.006549,0.7351,0.8851,0.6210,115683.70
ADAUSDT,BREAKOUT,1791509219999,TIMEOUT,-0.006564,1.7910,1.5683,0.4695,141826.61
ADAUSDT,BREAKOUT,1791514379999,TIMEOUT,-0.000168,1.3809,1.3063,0.6437,118956.10
ADAUSDT,BREAKOUT,1791523019999,TIMEOUT,0.007416,0.5915,1.3330,0.6039,79420.30
ADAUSDT,BREAKOUT,1791527159999,TIMEOUT,-0.003582,1.1534,1.1742,0.6906,139381.70
ADAUSDT,BREAKOUT,1791536159999,TIMEOUT,-0.011066,0.1941,0.4958,0.4681,29170.74
ADAUSDT,BREAKOUT,1791545519999,TIMEOUT,0.000202,0.2142,0.5123,0.2524,16492.93
ADAUSDT,BREAKOUT,1791555719999,TIMEOUT,-0.014043,1.9001,1.2489,0.4160,232021.99
ADAUSDT,BREAKOUT,1791562379999,TIMEOUT,-0.005673,0.4440,0.8169,0.6052,50690.44
ADAUSDT,BREAKOUT,1791568619999,TIMEOUT,-0.011529,0.5181,0.6770,0.5287,27116.30
ADAUSDT,FULL_WATCH,1791261899999,TIMEOUT,-0.002886,2.8895,2.2118,0.7814,228895.14
ADAUSDT,FULL_WATCH,1791263399999,STOP,-0.023000,2.5661,2.5208,0.7467,303559.61
ADAUSDT,FULL_WATCH,1791272879999,TIMEOUT,-0.004364,3.5846,3.9050,0.6771,584402.80
ADAUSDT,FULL_WATCH,1791277499999,TIMEOUT,0.003635,2.5017,2.7465,0.6610,548525.09
ADAUSDT,FULL_WATCH,1791293999999,TIMEOUT,-0.005813,3.6086,2.5127,0.6358,804366.01
ADAUSDT,FULL_WATCH,1791305219999,TIMEOUT,-0.001798,5.1994,2.2927,0.5633,1226066.66
ADAUSDT,FULL_WATCH,1791350819999,TIMEOUT,-0.001658,3.6089,2.2165,0.6459,907029.99
ADAUSDT,FULL_WATCH,1791381239999,TIMEOUT,-0.013789,2.5147,2.5391,0.5537,401069.06
ADAUSDT,FULL_WATCH,1791388559999,TIMEOUT,-0.003219,2.9371,2.3651,0.7708,533737.39
ADAUSDT,FULL_WATCH,1791418679999,TIMEOUT,-0.000112,2.6619,2.4251,0.7345,127161.99
ADAUSDT,FULL_WATCH,1791512519999,TIMEOUT,0.007577,2.6368,2.1338,0.5851,206241.39
ADAUSDT,FULL_WATCH,1791545819999,TIMEOUT,-0.002321,2.5727,2.7156,0.7099,193864.77
ADAUSDT,FULL_WATCH,1791571859999,TIMEOUT,-0.015742,2.9806,2.2707,0.5811,122733.88
ADAUSDT,FULL_BUY,1791263399999,STOP,-0.023000,2.5661,2.5208,0.7467,303559.61
ADAUSDT,FULL_BUY,1791272879999,TIMEOUT,-0.004364,3.5846,3.9050,0.6771,584402.80
ADAUSDT,FULL_BUY,1791418679999,TIMEOUT,-0.000112,2.6619,2.4251,0.7345,127161.99
ADAUSDT,FULL_BUY,1791545939999,TIMEOUT,-0.003999,2.5062,1.8757,0.7019,192057.68
